start_lat,start_long,end_lat,end_long,start_time,end_time,total_time,total_distance,velocity
42.9110199031788,-85.8115864519463,42.9110204115873,-85.811585848666,2023-01-12 14:46:34.399,2023-01-12 14:46:33.399,1.0,0.07494523335111125,0.07494523335111125
42.9110193990497,-85.811586972174,42.9110199031788,-85.8115864519463,2023-01-12 14:46:35.399,2023-01-12 14:46:34.399,1.0,0.07029302342270363,0.07029302342270363
42.9110179392829,-85.8115874544712,42.9110193990497,-85.811586972174,2023-01-12 14:46:36.399,2023-01-12 14:46:35.399,1.0,0.1668807846290443,0.1668807846290443
42.911017340945,-85.8115875740072,42.9110179392829,-85.8115874544712,2023-01-12 14:46:37.399,2023-01-12 14:46:36.399,1.0,0.06718284770547567,0.06718284770547567
42.9110166368536,-85.8115875027404,42.911017340945,-85.8115875740072,2023-01-12 14:46:38.399,2023-01-12 14:46:37.399,1.0,0.07843441187374879,0.07843441187374879
42.9110172968217,-85.8115867461258,42.9110166368536,-85.8115875027404,2023-01-12 14:46:39.399,2023-01-12 14:46:38.399,1.0,0.09587794009446912,0.09587794009446912
42.9110180763656,-85.8115855202434,42.9110172968217,-85.8115867461258,2023-01-12 14:46:40.399,2023-01-12 14:46:39.399,1.0,0.13236456135598704,0.13236456135598704
42.9110188230348,-85.811584111442,42.9110180763656,-85.8115855202434,2023-01-12 14:46:41.399,2023-01-12 14:46:40.399,1.0,0.1418265193463315,0.1418265193463315
42.9110194672582,-85.8115828000355,42.9110188230348,-85.811584111442,2023-01-12 14:46:42.399,2023-01-12 14:46:41.399,1.0,0.12880075821628006,0.12880075821628006
42.9110199791609,-85.8115817054335,42.9110194672582,-85.8115828000355,2023-01-12 14:46:43.399,2023-01-12 14:46:42.399,1.0,0.10594041417577739,0.10594041417577739
42.9110199056234,-85.8115805781698,42.9110199791609,-85.8115817054335,2023-01-12 14:46:44.399,2023-01-12 14:46:43.399,1.0,0.09241249614547173,0.09241249614547173
42.9110197905678,-85.8115799101718,42.9110199056234,-85.8115805781698,2023-01-12 14:46:45.399,2023-01-12 14:46:44.399,1.0,0.05602522482459358,0.05602522482459358
42.9110196692624,-85.811579418184,42.9110197905678,-85.8115799101718,2023-01-12 14:46:46.399,2023-01-12 14:46:45.399,1.0,0.04237489451725522,0.04237489451725522
42.9110194880715,-85.8115790450066,42.9110196692624,-85.811579418184,2023-01-12 14:46:47.399,2023-01-12 14:46:46.399,1.0,0.036520879959270794,0.036520879959270794
42.9110193221517,-85.8115786512952,42.9110194880715,-85.8115790450066,2023-01-12 14:46:48.399,2023-01-12 14:46:47.399,1.0,0.037058892809522535,0.037058892809522535
42.9110195951386,-85.8115782965029,42.9110193221517,-85.8115786512952,2023-01-12 14:46:49.399,2023-01-12 14:46:48.399,1.0,0.04194110194660812,0.04194110194660812
42.9110202562948,-85.811577814771,42.9110195951386,-85.8115782965029,2023-01-12 14:46:50.399,2023-01-12 14:46:49.399,1.0,0.08331940618326687,0.08331940618326687
42.911020714556,-85.8115772994757,42.9110202562948,-85.811577814771,2023-01-12 14:46:51.399,2023-01-12 14:46:50.399,1.0,0.06604752228117132,0.06604752228117132
42.9110219231284,-85.8115763812221,42.911020714556,-85.8115772994757,2023-01-12 14:46:52.399,2023-01-12 14:46:51.399,1.0,0.15378114804812526,0.15378114804812526
42.9110232314965,-85.8115756154725,42.9110219231284,-85.8115763812221,2023-01-12 14:46:53.399,2023-01-12 14:46:52.399,1.0,0.15822774216123253,0.15822774216123253
42.9110242718856,-85.811575073074,42.9110232314965,-85.8115756154725,2023-01-12 14:46:54.399,2023-01-12 14:46:53.399,1.0,0.1237738959625177,0.1237738959625177
42.9110254639365,-85.8115742896278,42.9110242718856,-85.811575073074,2023-01-12 14:46:55.399,2023-01-12 14:46:54.399,1.0,0.1470696706207817,0.1470696706207817
42.9110266070099,-85.8115737505194,42.9110254639365,-85.8115742896278,2023-01-12 14:46:56.399,2023-01-12 14:46:55.399,1.0,0.13439955532052136,0.13439955532052136
42.9110275508418,-85.8115733657173,42.9110266070099,-85.8115737505194,2023-01-12 14:46:57.399,2023-01-12 14:46:56.399,1.0,0.10945842313953763,0.10945842313953763
42.9110288092981,-85.8115729908949,42.9110275508418,-85.8115733657173,2023-01-12 14:46:58.399,2023-01-12 14:46:57.399,1.0,0.14311443838599394,0.14311443838599394
42.9110299261015,-85.8115727722475,42.9110288092981,-85.8115729908949,2023-01-12 14:46:59.399,2023-01-12 14:46:58.399,1.0,0.12534493826382498,0.12534493826382498
42.9110310717755,-85.8115725983826,42.9110299261015,-85.8115727722475,2023-01-12 14:47:00.399,2023-01-12 14:46:59.399,1.0,0.1280634999164261,0.1280634999164261
42.911032125744,-85.8115724748662,42.9110310717755,-85.8115725983826,2023-01-12 14:47:01.399,2023-01-12 14:47:00.399,1.0,0.11752004162994847,0.11752004162994847
42.9110326156688,-85.8115725365079,42.911032125744,-85.8115724748662,2023-01-12 14:47:02.399,2023-01-12 14:47:01.399,1.0,0.054658504952526527,0.054658504952526527
42.9110330387557,-85.8115722632,42.9110326156688,-85.8115725365079,2023-01-12 14:47:03.399,2023-01-12 14:47:02.399,1.0,0.05203073381807195,0.05203073381807195
42.9110336558925,-85.8115723086472,42.9110330387557,-85.8115722632,2023-01-12 14:47:04.399,2023-01-12 14:47:03.399,1.0,0.06865871722256983,0.06865871722256983
42.9110339703596,-85.8115724090544,42.9110336558925,-85.8115723086472,2023-01-12 14:47:05.399,2023-01-12 14:47:04.399,1.0,0.035883730995823426,0.035883730995823426
42.9110343738333,-85.8115724578031,42.9110339703596,-85.8115724090544,2023-01-12 14:47:06.399,2023-01-12 14:47:05.399,1.0,0.044998720537541566,0.044998720537541566
42.9110340957954,-85.8115727793525,42.9110343738333,-85.8115724578031,2023-01-12 14:47:07.399,2023-01-12 14:47:06.399,1.0,0.040539872146172676,0.040539872146172676
42.9110340776912,-85.8115731064493,42.9110340957954,-85.8115727793525,2023-01-12 14:47:08.399,2023-01-12 14:47:07.399,1.0,0.026785850905997034,0.026785850905997034
42.9110342748398,-85.8115733797575,42.9110340776912,-85.8115731064493,2023-01-12 14:47:09.399,2023-01-12 14:47:08.399,1.0,0.03126920890982014,0.03126920890982014
42.9110341930572,-85.8115738490603,42.9110342748398,-85.8115733797575,2023-01-12 14:47:10.399,2023-01-12 14:47:09.399,1.0,0.03938479537370814,0.03938479537370814
42.9110340086631,-85.811574368685,42.9110341930572,-85.8115738490603,2023-01-12 14:47:11.399,2023-01-12 14:47:10.399,1.0,0.04711763747525209,0.04711763747525209
42.9110341825449,-85.8115746355244,42.9110340086631,-85.811574368685,2023-01-12 14:47:12.399,2023-01-12 14:47:11.399,1.0,0.02911917607719709,0.02911917607719709
42.9110337225546,-85.8115750689303,42.9110341825449,-85.8115746355244,2023-01-12 14:47:13.399,2023-01-12 14:47:12.399,1.0,0.062159737419254645,0.062159737419254645
42.9110339498949,-85.8115752538947,42.9110337225546,-85.8115750689303,2023-01-12 14:47:14.399,2023-01-12 14:47:13.399,1.0,0.029427312973032468,0.029427312973032468
42.9110338043479,-85.8115756705711,42.9110339498949,-85.8115752538947,2023-01-12 14:47:15.399,2023-01-12 14:47:14.399,1.0,0.03767157958060703,0.03767157958060703
42.9110332559998,-85.8115763059145,42.9110338043479,-85.8115756705711,2023-01-12 14:47:16.399,2023-01-12 14:47:15.399,1.0,0.0800155216360055,0.0800155216360055
42.9110334242793,-85.8115766879402,42.9110332559998,-85.8115763059145,2023-01-12 14:47:17.399,2023-01-12 14:47:16.399,1.0,0.036368214053921925,0.036368214053921925
42.9110330696421,-85.8115774299748,42.9110334242793,-85.8115766879402,2023-01-12 14:47:18.399,2023-01-12 14:47:17.399,1.0,0.07227509319109858,0.07227509319109858
42.911032523812,-85.8115782073947,42.9110330696421,-85.8115774299748,2023-01-12 14:47:19.399,2023-01-12 14:47:18.399,1.0,0.087789000733369,0.087789000733369
42.9110316450532,-85.8115793106707,42.911032523812,-85.8115782073947,2023-01-12 14:47:20.399,2023-01-12 14:47:19.399,1.0,0.13284065647056215,0.13284065647056215
42.9110309872764,-85.8115798573164,42.9110316450532,-85.8115793106707,2023-01-12 14:47:21.399,2023-01-12 14:47:20.399,1.0,0.08562856741356863,0.08562856741356863
42.9110298326099,-85.8115808723383,42.9110309872764,-85.8115798573164,2023-01-12 14:47:22.399,2023-01-12 14:47:21.399,1.0,0.15272174528258198,0.15272174528258198
42.9110290129445,-85.8115816888563,42.9110298326099,-85.8115808723383,2023-01-12 14:47:23.399,2023-01-12 14:47:22.399,1.0,0.11285876827353265,0.11285876827353265
42.9110280245249,-85.8115826350234,42.9110290129445,-85.8115816888563,2023-01-12 14:47:24.399,2023-01-12 14:47:23.399,1.0,0.13426296511926794,0.13426296511926794
42.9110268298232,-85.8115836850531,42.9110280245249,-85.8115826350234,2023-01-12 14:47:25.399,2023-01-12 14:47:24.399,1.0,0.15800877281528888,0.15800877281528888
42.9110252708578,-85.8115847903873,42.9110268298232,-85.8115836850531,2023-01-12 14:47:26.399,2023-01-12 14:47:25.399,1.0,0.19529620450837482,0.19529620450837482
42.9110244079441,-85.811585409687,42.9110252708578,-85.8115847903873,2023-01-12 14:47:27.399,2023-01-12 14:47:26.399,1.0,0.10838334412184136,0.10838334412184136
42.9110230089183,-85.811586308515,42.9110244079441,-85.811585409687,2023-01-12 14:47:28.399,2023-01-12 14:47:27.399,1.0,0.17187855160141227,0.17187855160141227
42.9110218349008,-85.8115871187619,42.9110230089183,-85.811586308515,2023-01-12 14:47:29.399,2023-01-12 14:47:28.399,1.0,0.14624541017173182,0.14624541017173182
42.911020398616,-85.8115879091848,42.9110218349008,-85.8115871187619,2023-01-12 14:47:30.399,2023-01-12 14:47:29.399,1.0,0.1721188091393563,0.1721188091393563
42.9110189118655,-85.8115887628603,42.911020398616,-85.8115879091848,2023-01-12 14:47:31.399,2023-01-12 14:47:30.399,1.0,0.17927301832143908,0.17927301832143908
42.9110179590091,-85.811589458789,42.9110189118655,-85.8115887628603,2023-01-12 14:47:32.399,2023-01-12 14:47:31.399,1.0,0.12014367051835616,0.12014367051835616
42.9110176155542,-85.8115900635464,42.9110179590091,-85.811589458789,2023-01-12 14:47:33.399,2023-01-12 14:47:32.399,1.0,0.06240613083695421,0.06240613083695421
42.91101717131,-85.8115907372319,42.9110176155542,-85.8115900635464,2023-01-12 14:47:34.399,2023-01-12 14:47:33.399,1.0,0.0739047545122273,0.0739047545122273
42.9110168196798,-85.8115913844922,42.91101717131,-85.8115907372319,2023-01-12 14:47:35.399,2023-01-12 14:47:34.399,1.0,0.06572285940302525,0.06572285940302525
42.9110165577951,-85.8115919772334,42.9110168196798,-85.8115913844922,2023-01-12 14:47:36.399,2023-01-12 14:47:35.399,1.0,0.056472957296789326,0.056472957296789326
42.9110163467691,-85.8115926430217,42.9110165577951,-85.8115919772334,2023-01-12 14:47:37.399,2023-01-12 14:47:36.399,1.0,0.059206262346784125,0.059206262346784125
42.9110163267436,-85.8115930610952,42.9110163467691,-85.8115926430217,2023-01-12 14:47:38.399,2023-01-12 14:47:37.399,1.0,0.03421167684270324,0.03421167684270324
42.9110168721952,-85.8115933554156,42.9110163267436,-85.8115930610952,2023-01-12 14:47:39.399,2023-01-12 14:47:38.399,1.0,0.0651870221909294,0.0651870221909294
42.9110166701002,-85.81159346345,42.9110168721952,-85.8115933554156,2023-01-12 14:47:40.399,2023-01-12 14:47:39.399,1.0,0.02412200206442254,0.02412200206442254
42.911016872847,-85.8115937980733,42.9110166701002,-85.81159346345,2023-01-12 14:47:41.399,2023-01-12 14:47:40.399,1.0,0.03541113484053066,0.03541113484053066
42.9110171064338,-85.8115939455518,42.911016872847,-85.8115937980733,2023-01-12 14:47:42.399,2023-01-12 14:47:41.399,1.0,0.02860772446298913,0.02860772446298913
42.9110174213257,-85.8115939604828,42.9110171064338,-85.8115939455518,2023-01-12 14:47:43.399,2023-01-12 14:47:42.399,1.0,0.03500289734187083,0.03500289734187083
42.9110173204672,-85.8115940510542,42.9110174213257,-85.8115939604828,2023-01-12 14:47:44.399,2023-01-12 14:47:43.399,1.0,0.01342534612412988,0.01342534612412988
42.9110175374186,-85.8115941528457,42.9110173204672,-85.8115940510542,2023-01-12 14:47:45.399,2023-01-12 14:47:44.399,1.0,0.025494445452220706,0.025494445452220706
42.911017655862,-85.8115942355208,42.9110175374186,-85.8115941528457,2023-01-12 14:47:46.399,2023-01-12 14:47:45.399,1.0,0.014788866570514557,0.014788866570514557
42.9110179275483,-85.8115942263819,42.911017655862,-85.8115942355208,2023-01-12 14:47:47.399,2023-01-12 14:47:46.399,1.0,0.030191128655153505,0.030191128655153505
42.9110178108769,-85.8115942527813,42.9110179275483,-85.8115942263819,2023-01-12 14:47:48.399,2023-01-12 14:47:47.399,1.0,0.013139195609404838,0.013139195609404838
42.9110177523964,-85.8115941139373,42.9110178108769,-85.8115942527813,2023-01-12 14:47:49.399,2023-01-12 14:47:48.399,1.0,0.01306721906271794,0.01306721906271794
42.9110178476816,-85.8115940542883,42.9110177523964,-85.8115941139373,2023-01-12 14:47:50.399,2023-01-12 14:47:49.399,1.0,0.01165222579567034,0.01165222579567034
42.9110179390186,-85.8115939093236,42.9110178476816,-85.8115940542883,2023-01-12 14:47:51.399,2023-01-12 14:47:50.399,1.0,0.015591177333795158,0.015591177333795158
42.911018209072,-85.8115936710448,42.9110179390186,-85.8115939093236,2023-01-12 14:47:52.399,2023-01-12 14:47:51.399,1.0,0.03575785720747949,0.03575785720747949
42.9110182472646,-85.8115935069522,42.911018209072,-85.8115936710448,2023-01-12 14:47:53.399,2023-01-12 14:47:52.399,1.0,0.014055249619829008,0.014055249619829008
42.9110182252771,-85.8115932636378,42.9110182472646,-85.8115935069522,2023-01-12 14:47:54.399,2023-01-12 14:47:53.399,1.0,0.02001827904150993,0.02001827904150993
42.911018538415,-85.8115928171119,42.9110182252771,-85.8115932636378,2023-01-12 14:47:55.399,2023-01-12 14:47:54.399,1.0,0.05039490634969545,0.05039490634969545
42.9110189513808,-85.8115924927829,42.911018538415,-85.8115928171119,2023-01-12 14:47:56.399,2023-01-12 14:47:55.399,1.0,0.0529725761580227,0.0529725761580227
42.9110196831155,-85.8115919308162,42.9110189513808,-85.8115924927829,2023-01-12 14:47:57.399,2023-01-12 14:47:56.399,1.0,0.09334752008959418,0.09334752008959418
42.9110204128874,-85.8115915224361,42.9110196831155,-85.8115919308162,2023-01-12 14:47:58.399,2023-01-12 14:47:57.399,1.0,0.08766180650675237,0.08766180650675237
42.9110208467527,-85.8115912123064,42.9110204128874,-85.8115915224361,2023-01-12 14:47:59.399,2023-01-12 14:47:58.399,1.0,0.05444667704246742,0.05444667704246742
42.9110213262434,-85.8115909443325,42.9110208467527,-85.8115912123064,2023-01-12 14:48:00.399,2023-01-12 14:47:59.399,1.0,0.057586644404740504,0.057586644404740504
42.9110217694952,-85.811590690227,42.9110213262434,-85.8115909443325,2023-01-12 14:48:01.399,2023-01-12 14:48:00.399,1.0,0.05343465108182494,0.05343465108182494
42.9110225795696,-85.8115902459139,42.9110217694952,-85.811590690227,2023-01-12 14:48:02.399,2023-01-12 14:48:01.399,1.0,0.09703059408928925,0.09703059408928925
42.9110230398368,-85.8115898935403,42.9110225795696,-85.8115902459139,2023-01-12 14:48:03.399,2023-01-12 14:48:02.399,1.0,0.058671933138346774,0.058671933138346774
42.9110237910124,-85.8115895268302,42.9110230398368,-85.8115898935403,2023-01-12 14:48:04.399,2023-01-12 14:48:03.399,1.0,0.08865897687312933,0.08865897687312933
42.9110241033,-85.8115887979977,42.9110237910124,-85.8115895268302,2023-01-12 14:48:05.399,2023-01-12 14:48:04.399,1.0,0.06888860611387998,0.06888860611387998
42.9110248375216,-85.8115883240615,42.9110241033,-85.8115887979977,2023-01-12 14:48:06.399,2023-01-12 14:48:05.399,1.0,0.09028111061913427,0.09028111061913427
42.9110255537337,-85.8115877772774,42.9110248375216,-85.8115883240615,2023-01-12 14:48:07.399,2023-01-12 14:48:06.399,1.0,0.0912366703269909,0.0912366703269909
42.9110265027597,-85.8115870591132,42.9110255537337,-85.8115877772774,2023-01-12 14:48:08.399,2023-01-12 14:48:07.399,1.0,0.12064104361552283,0.12064104361552283
42.9110272884236,-85.8115865047271,42.9110265027597,-85.8115870591132,2023-01-12 14:48:09.399,2023-01-12 14:48:08.399,1.0,0.09832210390258826,0.09832210390258826
42.9110283585262,-85.811585813223,42.9110272884236,-85.8115865047271,2023-01-12 14:48:10.399,2023-01-12 14:48:09.399,1.0,0.1316081583290773,0.1316081583290773
42.9110292130927,-85.8115851744422,42.9110283585262,-85.811585813223,2023-01-12 14:48:11.399,2023-01-12 14:48:10.399,1.0,0.1083210541746035,0.1083210541746035
42.9110300512974,-85.8115845397024,42.9110292130927,-85.8115851744422,2023-01-12 14:48:12.399,2023-01-12 14:48:11.399,1.0,0.10657074207713126,0.10657074207713126
42.9110310729149,-85.8115836623864,42.9110300512974,-85.8115845397024,2023-01-12 14:48:13.399,2023-01-12 14:48:12.399,1.0,0.13421209508897683,0.13421209508897683
42.9110318286946,-85.8115829389557,42.9110310729149,-85.8115836623864,2023-01-12 14:48:14.399,2023-01-12 14:48:13.399,1.0,0.10266014969494462,0.10266014969494462
42.9110325444457,-85.8115823960862,42.9110318286946,-85.8115829389557,2023-01-12 14:48:15.399,2023-01-12 14:48:14.399,1.0,0.09103592504843051,0.09103592504843051
42.9110330139255,-85.8115818667895,42.9110325444457,-85.8115823960862,2023-01-12 14:48:16.399,2023-01-12 14:48:15.399,1.0,0.06773660155193496,0.06773660155193496
42.9110332651208,-85.8115815010226,42.9110330139255,-85.8115818667895,2023-01-12 14:48:17.399,2023-01-12 14:48:16.399,1.0,0.04087560834084213,0.04087560834084213
42.9110335186177,-85.8115811748501,42.9110332651208,-85.8115815010226,2023-01-12 14:48:18.399,2023-01-12 14:48:17.399,1.0,0.038761644894904836,0.038761644894904836
42.9110336691422,-85.8115809013,42.9110335186177,-85.8115811748501,2023-01-12 14:48:19.399,2023-01-12 14:48:18.399,1.0,0.02790331736796317,0.02790331736796317
42.9110336920086,-85.8115805302516,42.9110336691422,-85.8115809013,2023-01-12 14:48:20.399,2023-01-12 14:48:19.399,1.0,0.03040556006140455,0.03040556006140455
42.9110337945081,-85.8115801740485,42.9110336920086,-85.8115805302516,2023-01-12 14:48:21.399,2023-01-12 14:48:20.399,1.0,0.03123640631798063,0.03123640631798063
42.9110333082441,-85.8115800079597,42.9110337945081,-85.8115801740485,2023-01-12 14:48:22.399,2023-01-12 14:48:21.399,1.0,0.05569610028341247,0.05569610028341247
42.9110331998102,-85.8115797969429,42.9110333082441,-85.8115800079597,2023-01-12 14:48:23.399,2023-01-12 14:48:22.399,1.0,0.021024395767654896,0.021024395767654896
42.911033088232,-85.811579545346,42.9110331998102,-85.8115797969429,2023-01-12 14:48:24.399,2023-01-12 14:48:23.399,1.0,0.023994634139226326,0.023994634139226326
42.9110327887918,-85.8115794120214,42.911033088232,-85.811579545346,2023-01-12 14:48:25.399,2023-01-12 14:48:24.399,1.0,0.035001376985486936,0.035001376985486936
42.9110324841537,-85.8115791911822,42.9110327887918,-85.8115794120214,2023-01-12 14:48:26.399,2023-01-12 14:48:25.399,1.0,0.038347384887330374,0.038347384887330374
42.911032280985,-85.8115791008551,42.9110324841537,-85.8115791911822,2023-01-12 14:48:27.399,2023-01-12 14:48:26.399,1.0,0.023744887343779362,0.023744887343779362
42.9110323879471,-85.8115790638366,42.911032280985,-85.8115791008551,2023-01-12 14:48:28.399,2023-01-12 14:48:27.399,1.0,0.012261005020265543,0.012261005020265543
42.9110318982308,-85.8115790459464,42.9110323879471,-85.8115790638366,2023-01-12 14:48:29.399,2023-01-12 14:48:28.399,1.0,0.05442268487684971,0.05442268487684971
42.9110319174954,-85.8115789500163,42.9110318982308,-85.8115790459464,2023-01-12 14:48:30.399,2023-01-12 14:48:29.399,1.0,0.008120591329297676,0.008120591329297676
42.9110319510832,-85.8115788055318,42.9110319174954,-85.8115789500163,2023-01-12 14:48:31.399,2023-01-12 14:48:30.399,1.0,0.012374353568898407,0.012374353568898407
42.9110320207681,-85.8115787149031,42.9110319510832,-85.8115788055318,2023-01-12 14:48:32.399,2023-01-12 14:48:31.399,1.0,0.010709699582493808,0.010709699582493808
42.9110323867033,-85.8115785522247,42.9110320207681,-85.8115787149031,2023-01-12 14:48:33.399,2023-01-12 14:48:32.399,1.0,0.04276751896486563,0.04276751896486563
42.9110325893835,-85.8115782995869,42.9110323867033,-85.8115785522247,2023-01-12 14:48:34.399,2023-01-12 14:48:33.399,1.0,0.030537942321948494,0.030537942321948494
42.9110328563653,-85.8115780723166,42.9110325893835,-85.8115782995869,2023-01-12 14:48:35.399,2023-01-12 14:48:34.399,1.0,0.034987033963866855,0.034987033963866855
42.9110332275458,-85.8115778969613,42.9110328563653,-85.8115780723166,2023-01-12 14:48:36.399,2023-01-12 14:48:35.399,1.0,0.04365032599241744,0.04365032599241744
42.9110336335372,-85.8115777543446,42.9110332275458,-85.8115778969613,2023-01-12 14:48:37.399,2023-01-12 14:48:36.399,1.0,0.04658128317548723,0.04658128317548723
42.9110340167412,-85.8115775768326,42.9110336335372,-85.8115777543446,2023-01-12 14:48:38.399,2023-01-12 14:48:37.399,1.0,0.04497070580977813,0.04497070580977813
42.9110343074394,-85.8115771423787,42.9110340167412,-85.8115775768326,2023-01-12 14:48:39.399,2023-01-12 14:48:38.399,1.0,0.04797402607823575,0.04797402607823575
42.9110349038471,-85.8115768928616,42.9110343074394,-85.8115771423787,2023-01-12 14:48:40.399,2023-01-12 14:48:39.399,1.0,0.06931770243663117,0.06931770243663117
42.911035141355,-85.8115765877644,42.9110349038471,-85.8115768928616,2023-01-12 14:48:41.399,2023-01-12 14:48:40.399,1.0,0.03628862437321718,0.03628862437321718
42.9110355828887,-85.8115764137727,42.911035141355,-85.8115765877644,2023-01-12 14:48:42.399,2023-01-12 14:48:41.399,1.0,0.05106670603767854,0.05106670603767854
42.9110361707385,-85.8115762167324,42.9110355828887,-85.8115764137727,2023-01-12 14:48:43.399,2023-01-12 14:48:42.399,1.0,0.0672577776716997,0.0672577776716997
42.9110367434941,-85.8115760109241,42.9110361707385,-85.8115762167324,2023-01-12 14:48:44.399,2023-01-12 14:48:43.399,1.0,0.06581005505104676,0.06581005505104676
42.9110374412739,-85.8115758189882,42.9110367434941,-85.8115760109241,2023-01-12 14:48:45.399,2023-01-12 14:48:44.399,1.0,0.07908567068507456,0.07908567068507456
42.911038063614,-85.8115755825263,42.9110374412739,-85.8115758189882,2023-01-12 14:48:46.399,2023-01-12 14:48:45.399,1.0,0.07178218681300019,0.07178218681300019
42.9110387733775,-85.811575367902,42.911038063614,-85.8115755825263,2023-01-12 14:48:47.399,2023-01-12 14:48:46.399,1.0,0.08077262898114522,0.08077262898114522
42.9110395098702,-85.8115751845253,42.9110387733775,-85.811575367902,2023-01-12 14:48:48.399,2023-01-12 14:48:47.399,1.0,0.083176721348107,0.083176721348107
42.9110406713554,-85.8115749335932,42.9110395098702,-85.8115751845253,2023-01-12 14:48:49.399,2023-01-12 14:48:48.399,1.0,0.1306474436595792,0.1306474436595792
42.9110414102963,-85.8115746878499,42.9110406713554,-85.8115749335932,2023-01-12 14:48:50.399,2023-01-12 14:48:49.399,1.0,0.08450681825876477,0.08450681825876477
42.911042314213,-85.8115744692482,42.9110414102963,-85.8115746878499,2023-01-12 14:48:51.399,2023-01-12 14:48:50.399,1.0,0.10199129261196654,0.10199129261196654
42.9110431448836,-85.8115742831367,42.911042314213,-85.8115744692482,2023-01-12 14:48:52.399,2023-01-12 14:48:51.399,1.0,0.0935231020787471,0.0935231020787471
42.9110440465883,-85.8115740527062,42.9110431448836,-85.8115742831367,2023-01-12 14:48:53.399,2023-01-12 14:48:52.399,1.0,0.10192325495045158,0.10192325495045158
42.9110447584374,-85.8115740241405,42.9110440465883,-85.8115740527062,2023-01-12 14:48:54.399,2023-01-12 14:48:53.399,1.0,0.07911442610110542,0.07911442610110542
42.9110454902483,-85.8115740739938,42.9110447584374,-85.8115740241405,2023-01-12 14:48:55.399,2023-01-12 14:48:54.399,1.0,0.08139946860416944,0.08139946860416944
42.9110460498282,-85.8115739244976,42.9110454902483,-85.8115740739938,2023-01-12 14:48:56.399,2023-01-12 14:48:55.399,1.0,0.0633516032755548,0.0633516032755548
42.9110466575898,-85.8115736666401,42.9110460498282,-85.8115739244976,2023-01-12 14:48:57.399,2023-01-12 14:48:56.399,1.0,0.07072404370630306,0.07072404370630306
42.9110473724036,-85.8115736186543,42.9110466575898,-85.8115736666401,2023-01-12 14:48:58.399,2023-01-12 14:48:57.399,1.0,0.07950600153952414,0.07950600153952414
42.9110480566383,-85.8115736421189,42.9110473724036,-85.8115736186543,2023-01-12 14:48:59.399,2023-01-12 14:48:58.399,1.0,0.07603646543138454,0.07603646543138454
42.9110485947653,-85.8115736878895,42.9110480566383,-85.8115736421189,2023-01-12 14:49:00.399,2023-01-12 14:48:59.399,1.0,0.059897791157914125,0.059897791157914125
42.9110489852062,-85.8115738662821,42.9110485947653,-85.8115736878895,2023-01-12 14:49:01.399,2023-01-12 14:49:00.399,1.0,0.045755329735289,0.045755329735289
42.9110493828988,-85.8115740382021,42.9110489852062,-85.8115738662821,2023-01-12 14:49:02.399,2023-01-12 14:49:01.399,1.0,0.04635692401139955,0.04635692401139955
42.9110497403593,-85.8115740783021,42.9110493828988,-85.8115740382021,2023-01-12 14:49:03.399,2023-01-12 14:49:02.399,1.0,0.03984542417052473,0.03984542417052473
42.9110500001055,-85.8115744228009,42.9110497403593,-85.8115740783021,2023-01-12 14:49:04.399,2023-01-12 14:49:03.399,1.0,0.04029894883698459,0.04029894883698459
42.911050322991,-85.811574700911,42.9110500001055,-85.8115744228009,2023-01-12 14:49:05.399,2023-01-12 14:49:04.399,1.0,0.042454445095217945,0.042454445095217945
42.9110506516147,-85.8115749474658,42.911050322991,-85.811574700911,2023-01-12 14:49:06.399,2023-01-12 14:49:05.399,1.0,0.041690772930462916,0.041690772930462916
42.911050465288,-85.8115753084924,42.9110506516147,-85.8115749474658,2023-01-12 14:49:07.399,2023-01-12 14:49:06.399,1.0,0.03602194379923737,0.03602194379923737
42.9110506811114,-85.8115752812385,42.911050465288,-85.8115753084924,2023-01-12 14:49:08.399,2023-01-12 14:49:07.399,1.0,0.024079105055681126,0.024079105055681126
42.9110510882728,-85.8115753355331,42.9110506811114,-85.8115752812385,2023-01-12 14:49:09.399,2023-01-12 14:49:08.399,1.0,0.045448740017977704,0.045448740017977704
42.9110513640853,-85.8115753260673,42.9110510882728,-85.8115753355331,2023-01-12 14:49:10.399,2023-01-12 14:49:09.399,1.0,0.030650036312234164,0.030650036312234164
42.9110516608746,-85.8115753773998,42.9110513640853,-85.8115753260673,2023-01-12 14:49:11.399,2023-01-12 14:49:10.399,1.0,0.03323601100481345,0.03323601100481345
42.91105197185,-85.8115755467114,42.9110516608746,-85.8115753773998,2023-01-12 14:49:12.399,2023-01-12 14:49:11.399,1.0,0.03721043269753254,0.03721043269753254
42.9110522833923,-85.8115755618511,42.91105197185,-85.8115755467114,2023-01-12 14:49:13.399,2023-01-12 14:49:12.399,1.0,0.034631619810518634,0.034631619810518634
42.9110534009725,-85.811575418128,42.9110522833923,-85.8115755618511,2023-01-12 14:49:14.399,2023-01-12 14:49:13.399,1.0,0.12470658464772315,0.12470658464772315
42.9110542049904,-85.8115754394206,42.9110534009725,-85.811575418128,2023-01-12 14:49:15.399,2023-01-12 14:49:14.399,1.0,0.08933607660403652,0.08933607660403652
42.9110548241933,-85.8115753982257,42.9110542049904,-85.8115754394206,2023-01-12 14:49:16.399,2023-01-12 14:49:15.399,1.0,0.06887007537426858,0.06887007537426858
42.9110557014295,-85.8115752235397,42.9110548241933,-85.8115753982257,2023-01-12 14:49:17.399,2023-01-12 14:49:16.399,1.0,0.0984914996574883,0.0984914996574883
42.9110562918129,-85.8115750929543,42.9110557014295,-85.8115752235397,2023-01-12 14:49:18.299,2023-01-12 14:49:17.399,0.9,0.06644748997729259,0.073830544419214
42.911056903948,-85.8115747222921,42.9110562918129,-85.8115750929543,2023-01-12 14:49:19.399,2023-01-12 14:49:18.299,1.1,0.07443454869712206,0.06766777154283823
42.9110572882373,-85.8115744729762,42.911056903948,-85.8115747222921,2023-01-12 14:49:20.399,2023-01-12 14:49:19.399,1.0,0.04729701481035791,0.04729701481035791
42.9110578468299,-85.8115741058638,42.9110572882373,-85.8115744729762,2023-01-12 14:49:21.399,2023-01-12 14:49:20.399,1.0,0.06891622399126333,0.06891622399126333
42.9110581746029,-85.8115739102209,42.9110578468299,-85.8115741058638,2023-01-12 14:49:22.399,2023-01-12 14:49:21.399,1.0,0.039763163202020294,0.039763163202020294
42.9110588481166,-85.8115735170852,42.9110581746029,-85.8115739102209,2023-01-12 14:49:23.399,2023-01-12 14:49:22.399,1.0,0.08141758296272497,0.08141758296272497
42.9110593958023,-85.8115733433868,42.9110588481166,-85.8115735170852,2023-01-12 14:49:24.399,2023-01-12 14:49:23.399,1.0,0.06247439015839781,0.06247439015839781
42.9110598490717,-85.8115731832326,42.9110593958023,-85.8115733433868,2023-01-12 14:49:25.399,2023-01-12 14:49:24.399,1.0,0.0520247384656206,0.0520247384656206
42.9110603146502,-85.8115728690591,42.9110598490717,-85.8115731832326,2023-01-12 14:49:26.399,2023-01-12 14:49:25.399,1.0,0.05773471754133965,0.05773471754133965
42.9110604658102,-85.8115727482095,42.9110603146502,-85.8115728690591,2023-01-12 14:49:27.399,2023-01-12 14:49:26.399,1.0,0.019477520522734732,0.019477520522734732
42.9110607004,-85.8115722938958,42.9110604658102,-85.8115727482095,2023-01-12 14:49:28.399,2023-01-12 14:49:27.399,1.0,0.04533728849794505,0.04533728849794505
42.9110611024632,-85.8115718945084,42.9110607004,-85.8115722938958,2023-01-12 14:49:29.399,2023-01-12 14:49:28.399,1.0,0.05530504356784844,0.05530504356784844
42.9110615350753,-85.8115715830204,42.9110611024632,-85.8115718945084,2023-01-12 14:49:30.399,2023-01-12 14:49:29.399,1.0,0.054375261856610624,0.054375261856610624
42.9110617417563,-85.811571274374,42.9110615350753,-85.8115715830204,2023-01-12 14:49:31.399,2023-01-12 14:49:30.399,1.0,0.034094003977256,0.034094003977256
42.9110618229094,-85.8115709822556,42.9110617417563,-85.811571274374,2023-01-12 14:49:32.399,2023-01-12 14:49:31.399,1.0,0.025500739171104354,0.025500739171104354
42.9110618856085,-85.8115706157867,42.9110618229094,-85.8115709822556,2023-01-12 14:49:33.399,2023-01-12 14:49:32.399,1.0,0.030725210508334037,0.030725210508334037
42.9110621477275,-85.8115702939757,42.9110618856085,-85.8115706157867,2023-01-12 14:49:34.399,2023-01-12 14:49:33.399,1.0,0.039223518850702827,0.039223518850702827
42.9110620624516,-85.8115699842534,42.9110621477275,-85.8115702939757,2023-01-12 14:49:35.399,2023-01-12 14:49:34.399,1.0,0.02700745404067294,0.02700745404067294
42.9110616411899,-85.8115698683321,42.9110620624516,-85.8115699842534,2023-01-12 14:49:36.399,2023-01-12 14:49:35.399,1.0,0.04774613066538465,0.04774613066538465
42.9110610558911,-85.8115697272909,42.9110616411899,-85.8115698683321,2023-01-12 14:49:37.399,2023-01-12 14:49:36.399,1.0,0.06603357247270482,0.06603357247270482
42.9110611497221,-85.811569480522,42.9110610558911,-85.8115697272909,2023-01-12 14:49:38.399,2023-01-12 14:49:37.399,1.0,0.02268719557692758,0.02268719557692758
42.9110612895656,-85.8115690806797,42.9110611497221,-85.811569480522,2023-01-12 14:49:39.399,2023-01-12 14:49:38.399,1.0,0.036158031133012344,0.036158031133012344
42.9110614402564,-85.8115686581712,42.9110612895656,-85.8115690806797,2023-01-12 14:49:40.399,2023-01-12 14:49:39.399,1.0,0.0383482384816316,0.0383482384816316
42.9110611158916,-85.8115683057688,42.9110614402564,-85.8115686581712,2023-01-12 14:49:41.399,2023-01-12 14:49:40.399,1.0,0.04611447884405417,0.04611447884405417
42.9110608154086,-85.8115675914863,42.9110611158916,-85.8115683057688,2023-01-12 14:49:42.399,2023-01-12 14:49:41.399,1.0,0.06720381857380331,0.06720381857380331
42.9110607403933,-85.8115669721563,42.9110608154086,-85.8115675914863,2023-01-12 14:49:43.399,2023-01-12 14:49:42.399,1.0,0.05125554626849635,0.05125554626849635
42.9110603569,-85.8115663610713,42.9110607403933,-85.8115669721563,2023-01-12 14:49:44.399,2023-01-12 14:49:43.399,1.0,0.06561267617010051,0.06561267617010051
42.9110602273988,-85.8115658821727,42.9110603569,-85.8115663610713,2023-01-12 14:49:45.399,2023-01-12 14:49:44.399,1.0,0.041668435516667233,0.041668435516667233
42.9110599428149,-85.811565299503,42.9110602273988,-85.8115658821727,2023-01-12 14:49:46.399,2023-01-12 14:49:45.399,1.0,0.05712564077116156,0.05712564077116156
42.911059441844,-85.8115647500162,42.9110599428149,-85.811565299503,2023-01-12 14:49:47.399,2023-01-12 14:49:46.399,1.0,0.07148871523307222,0.07148871523307222
42.9110592846342,-85.8115642287106,42.911059441844,-85.8115647500162,2023-01-12 14:49:48.399,2023-01-12 14:49:47.399,1.0,0.046012322791079925,0.046012322791079925
42.9110588980923,-85.8115635929784,42.9110592846342,-85.8115642287106,2023-01-12 14:49:49.399,2023-01-12 14:49:48.399,1.0,0.06737142772130712,0.06737142772130712
42.9110586958659,-85.8115630615039,42.9110588980923,-85.8115635929784,2023-01-12 14:49:50.399,2023-01-12 14:49:49.399,1.0,0.04886929594791869,0.04886929594791869
42.9110580361409,-85.8115625746051,42.9110586958659,-85.8115630615039,2023-01-12 14:49:51.399,2023-01-12 14:49:50.399,1.0,0.08337963687769818,0.08337963687769818
42.9110576874541,-85.8115620883709,42.9110580361409,-85.8115625746051,2023-01-12 14:49:52.399,2023-01-12 14:49:51.399,1.0,0.055470476613907,0.055470476613907
42.9110572120835,-85.8115615762198,42.9110576874541,-85.8115620883709,2023-01-12 14:49:53.399,2023-01-12 14:49:52.399,1.0,0.06736370581878537,0.06736370581878537
42.9110567556091,-85.8115610390924,42.9110572120835,-85.8115615762198,2023-01-12 14:49:54.399,2023-01-12 14:49:53.399,1.0,0.06704708970957673,0.06704708970957673
42.9110563515771,-85.8115604829665,42.9110567556091,-85.8115610390924,2023-01-12 14:49:55.399,2023-01-12 14:49:54.399,1.0,0.06385051389922033,0.06385051389922033
42.911055947779,-85.8115598118458,42.9110563515771,-85.8115604829665,2023-01-12 14:49:56.399,2023-01-12 14:49:55.399,1.0,0.07082094374066152,0.07082094374066152
42.9110557015029,-85.8115591865843,42.911055947779,-85.8115598118458,2023-01-12 14:49:57.399,2023-01-12 14:49:56.399,1.0,0.05792605487651523,0.05792605487651523
42.9110550866676,-85.8115585755226,42.9110557015029,-85.8115591865843,2023-01-12 14:49:58.399,2023-01-12 14:49:57.399,1.0,0.08458783890155724,0.08458783890155724
42.9110546353449,-85.8115579639955,42.9110550866676,-85.8115585755226,2023-01-12 14:49:59.399,2023-01-12 14:49:58.399,1.0,0.07076333774176399,0.07076333774176399
42.9110540008086,-85.8115573148671,42.9110546353449,-85.8115579639955,2023-01-12 14:50:00.399,2023-01-12 14:49:59.399,1.0,0.08819719438598635,0.08819719438598635
42.9110535208021,-85.811556706472,42.9110540008086,-85.8115573148671,2023-01-12 14:50:01.399,2023-01-12 14:50:00.399,1.0,0.07288111056140999,0.07288111056140999
42.9110531101014,-85.8115560957164,42.9110535208021,-85.811556706472,2023-01-12 14:50:02.399,2023-01-12 14:50:01.399,1.0,0.06759444137461841,0.06759444137461841
42.9110527713726,-85.811555509558,42.9110531101014,-85.8115560957164,2023-01-12 14:50:03.399,2023-01-12 14:50:02.399,1.0,0.06088543258907386,0.06088543258907386
42.9110527518086,-85.8115549782134,42.9110527713726,-85.811555509558,2023-01-12 14:50:04.399,2023-01-12 14:50:03.399,1.0,0.04344319699179047,0.04344319699179047
42.9110525725485,-85.8115545478431,42.9110527518086,-85.8115549782134,2023-01-12 14:50:05.399,2023-01-12 14:50:04.399,1.0,0.04039347006216122,0.04039347006216122
42.9110523492551,-85.8115538566781,42.9110525725485,-85.8115545478431,2023-01-12 14:50:06.399,2023-01-12 14:50:05.399,1.0,0.061650207045086704,0.061650207045086704
42.9110524780814,-85.8115532531296,42.9110523492551,-85.8115538566781,2023-01-12 14:50:07.399,2023-01-12 14:50:06.399,1.0,0.0513207040804314,0.0513207040804314
42.9110525611546,-85.8115526126651,42.9110524780814,-85.8115532531296,2023-01-12 14:50:08.399,2023-01-12 14:50:07.399,1.0,0.05310736329625575,0.05310736329625575
42.911052761153,-85.8115520190246,42.9110525611546,-85.8115526126651,2023-01-12 14:50:09.399,2023-01-12 14:50:08.399,1.0,0.05332487569099498,0.05332487569099498
42.9110528992844,-85.8115515162094,42.911052761153,-85.8115520190246,2023-01-12 14:50:10.399,2023-01-12 14:50:09.399,1.0,0.043832931293979284,0.043832931293979284
42.9110531420545,-85.8115510839862,42.9110528992844,-85.8115515162094,2023-01-12 14:50:11.399,2023-01-12 14:50:10.399,1.0,0.044419289370919525,0.044419289370919525
42.9110535008726,-85.8115507000334,42.9110531420545,-85.8115510839862,2023-01-12 14:50:12.399,2023-01-12 14:50:11.399,1.0,0.05071436863726179,0.05071436863726179
42.9110536339947,-85.8115503941112,42.9110535008726,-85.8115507000334,2023-01-12 14:50:13.399,2023-01-12 14:50:12.399,1.0,0.02903036756751875,0.02903036756751875
42.9110541966173,-85.8115499929919,42.9110536339947,-85.8115503941112,2023-01-12 14:50:14.399,2023-01-12 14:50:13.399,1.0,0.07056497243927876,0.07056497243927876
42.911054751348,-85.8115497263918,42.9110541966173,-85.8115499929919,2023-01-12 14:50:15.399,2023-01-12 14:50:14.399,1.0,0.065357884906547,0.065357884906547
42.91105523741,-85.8115494292461,42.911054751348,-85.8115497263918,2023-01-12 14:50:16.399,2023-01-12 14:50:15.399,1.0,0.059198420258460324,0.059198420258460324
42.9110556740625,-85.8115489115807,42.91105523741,-85.8115494292461,2023-01-12 14:50:17.399,2023-01-12 14:50:16.399,1.0,0.06434240262822896,0.06434240262822896
42.911056004243,-85.8115485744796,42.9110556740625,-85.8115489115807,2023-01-12 14:50:18.299,2023-01-12 14:50:17.399,0.9,0.04586036651488765,0.05095596279431961
42.9110569785744,-85.8115481712826,42.911056004243,-85.8115485744796,2023-01-12 14:50:19.399,2023-01-12 14:50:18.299,1.1,0.1131361967035469,0.10285108791231536
42.9110578669054,-85.8115478097008,42.9110569785744,-85.8115481712826,2023-01-12 14:50:20.399,2023-01-12 14:50:19.399,1.0,0.1030079698899251,0.1030079698899251
42.9110585927326,-85.8115474302526,42.9110578669054,-85.8115478097008,2023-01-12 14:50:21.399,2023-01-12 14:50:20.399,1.0,0.08638136664884247,0.08638136664884247
42.9110591590054,-85.8115470502295,42.9110585927326,-85.8115474302526,2023-01-12 14:50:22.399,2023-01-12 14:50:21.399,1.0,0.07014545380906745,0.07014545380906745
42.9110598080392,-85.8115467329233,42.9110591590054,-85.8115470502295,2023-01-12 14:50:23.399,2023-01-12 14:50:22.399,1.0,0.0766161758371982,0.0766161758371982
42.9110605872397,-85.8115463990509,42.9110598080392,-85.8115467329233,2023-01-12 14:50:24.399,2023-01-12 14:50:23.399,1.0,0.09075410658573835,0.09075410658573835
42.9110618304916,-85.811545836133,42.9110605872397,-85.8115463990509,2023-01-12 14:50:25.399,2023-01-12 14:50:24.399,1.0,0.14556260344916708,0.14556260344916708
42.9110626795892,-85.811545489009,42.9110618304916,-85.811545836133,2023-01-12 14:50:26.399,2023-01-12 14:50:25.399,1.0,0.0984940435358938,0.0984940435358938
42.9110635821376,-85.8115450452042,42.9110626795892,-85.811545489009,2023-01-12 14:50:27.399,2023-01-12 14:50:26.399,1.0,0.10661350807461778,0.10661350807461778
42.9110649274658,-85.81154465763,42.9110635821376,-85.8115450452042,2023-01-12 14:50:28.399,2023-01-12 14:50:27.399,1.0,0.1527681182345375,0.1527681182345375
42.9110661362364,-85.8115442891697,42.9110649274658,-85.81154465763,2023-01-12 14:50:29.399,2023-01-12 14:50:28.399,1.0,0.13761304662798313,0.13761304662798313
42.9110671886104,-85.811543979837,42.9110661362364,-85.8115442891697,2023-01-12 14:50:30.399,2023-01-12 14:50:29.399,1.0,0.11960698018150497,0.11960698018150497
42.9110680670156,-85.8115436549334,42.9110671886104,-85.811543979837,2023-01-12 14:50:31.399,2023-01-12 14:50:30.399,1.0,0.1011253007362595,0.1011253007362595
42.9110690937944,-85.8115433550704,42.9110680670156,-85.8115436549334,2023-01-12 14:50:32.399,2023-01-12 14:50:31.399,1.0,0.11666451117252948,0.11666451117252948
42.9110700656125,-85.8115429145133,42.9110690937944,-85.8115433550704,2023-01-12 14:50:33.399,2023-01-12 14:50:32.399,1.0,0.11379644676867795,0.11379644676867795
42.911071024284,-85.8115425756112,42.9110700656125,-85.8115429145133,2023-01-12 14:50:34.399,2023-01-12 14:50:33.399,1.0,0.11003665675224435,0.11003665675224435
42.911071790962,-85.8115420244275,42.911071024284,-85.8115425756112,2023-01-12 14:50:35.399,2023-01-12 14:50:34.399,1.0,0.09633222408481196,0.09633222408481196
42.9110732847239,-85.8115416108189,42.911071790962,-85.8115420244275,2023-01-12 14:50:36.399,2023-01-12 14:50:35.399,1.0,0.16934572462491648,0.16934572462491648
42.9110741353315,-85.8115412278111,42.9110732847239,-85.8115416108189,2023-01-12 14:50:37.399,2023-01-12 14:50:36.399,1.0,0.09953619778527666,0.09953619778527666
42.9110752366875,-85.8115404938335,42.9110741353315,-85.8115412278111,2023-01-12 14:50:38.399,2023-01-12 14:50:37.399,1.0,0.1362423066105095,0.1362423066105095
42.9110760202639,-85.8115397529835,42.9110752366875,-85.8115404938335,2023-01-12 14:50:39.399,2023-01-12 14:50:38.399,1.0,0.10600590327338753,0.10600590327338753
42.9110766651755,-85.8115390301282,42.9110760202639,-85.8115397529835,2023-01-12 14:50:40.399,2023-01-12 14:50:39.399,1.0,0.0928281269780311,0.0928281269780311
42.9110768106672,-85.8115383396587,42.9110766651755,-85.8115390301282,2023-01-12 14:50:41.399,2023-01-12 14:50:40.399,1.0,0.05865358190008808,0.05865358190008808
42.9110779039213,-85.8115379060181,42.9110768106672,-85.8115383396587,2023-01-12 14:50:42.399,2023-01-12 14:50:41.399,1.0,0.1265075868736685,0.1265075868736685
42.911078276203,-85.8115375147215,42.9110779039213,-85.8115379060181,2023-01-12 14:50:43.399,2023-01-12 14:50:42.399,1.0,0.052262675419285455,0.052262675419285455
42.911078327404,-85.8115371119635,42.911078276203,-85.8115375147215,2023-01-12 14:50:44.399,2023-01-12 14:50:43.399,1.0,0.03337682851293036,0.03337682851293036
42.911078732805,-85.8115366978311,42.911078327404,-85.8115371119635,2023-01-12 14:50:45.399,2023-01-12 14:50:44.399,1.0,0.05631958032499942,0.05631958032499942
42.9110781770092,-85.8115361631961,42.911078732805,-85.8115366978311,2023-01-12 14:50:46.399,2023-01-12 14:50:45.399,1.0,0.07561934611703473,0.07561934611703473
42.9110779409985,-85.8115356785874,42.9110781770092,-85.8115361631961,2023-01-12 14:50:47.399,2023-01-12 14:50:46.399,1.0,0.04746991616947648,0.04746991616947648
42.9110782040677,-85.8115353198546,42.9110779409985,-85.8115356785874,2023-01-12 14:50:48.399,2023-01-12 14:50:47.399,1.0,0.041378635659258214,0.041378635659258214
42.9110786811563,-85.8115351091306,42.9110782040677,-85.8115353198546,2023-01-12 14:50:49.399,2023-01-12 14:50:48.399,1.0,0.055723612989000734,0.055723612989000734
42.9110782224713,-85.8115348376515,42.9110786811563,-85.8115351091306,2023-01-12 14:50:50.399,2023-01-12 14:50:49.399,1.0,0.05556920335720006,0.05556920335720006
42.9110782875328,-85.8115346314772,42.9110782224713,-85.8115348376515,2023-01-12 14:50:51.399,2023-01-12 14:50:50.399,1.0,0.018321762517896037,0.018321762517896037
42.9110780692974,-85.811534511115,42.9110782875328,-85.8115346314772,2023-01-12 14:50:52.299,2023-01-12 14:50:51.399,0.9,0.02616050832233286,0.029067231469258735
42.9110776547062,-85.8115342785282,42.9110780692974,-85.811534511115,2023-01-12 14:50:53.399,2023-01-12 14:50:52.299,1.1,0.04981969136958008,0.04529062851780007
42.9110772695773,-85.8115341528829,42.9110776547062,-85.8115342785282,2023-01-12 14:50:54.399,2023-01-12 14:50:53.399,1.0,0.043997371627385956,0.043997371627385956
42.9110771597617,-85.8115341046506,42.9110772695773,-85.8115341528829,2023-01-12 14:50:55.399,2023-01-12 14:50:54.399,1.0,0.012819546847694508,0.012819546847694508
42.9110769047283,-85.8115340480697,42.9110771597617,-85.8115341046506,2023-01-12 14:50:56.399,2023-01-12 14:50:55.399,1.0,0.02870617970176016,0.02870617970176016
42.9110765828595,-85.8115339772198,42.9110769047283,-85.8115340480697,2023-01-12 14:50:57.399,2023-01-12 14:50:56.399,1.0,0.03622175554242941,0.03622175554242941
42.9110758255964,-85.8115339316457,42.9110765828595,-85.8115339772198,2023-01-12 14:50:58.399,2023-01-12 14:50:57.399,1.0,0.08420739371295186,0.08420739371295186
42.911075274606,-85.8115339776111,42.9110758255964,-85.8115339316457,2023-01-12 14:50:59.299,2023-01-12 14:50:58.399,0.9,0.06132505197499446,0.06813894663888273
42.911074851664,-85.8115341563292,42.911075274606,-85.8115339776111,2023-01-12 14:51:00.399,2023-01-12 14:50:59.299,1.1,0.049199342752618024,0.04472667522965274
42.911074377576,-85.8115343389593,42.911074851664,-85.8115341563292,2023-01-12 14:51:01.399,2023-01-12 14:51:00.399,1.0,0.05473764646091801,0.05473764646091801
42.9110741321247,-85.8115345776531,42.911074377576,-85.8115343389593,2023-01-12 14:51:02.399,2023-01-12 14:51:01.399,1.0,0.03351755011321938,0.03351755011321938
42.9110735377308,-85.8115349303483,42.9110741321247,-85.8115345776531,2023-01-12 14:51:03.399,2023-01-12 14:51:02.399,1.0,0.07203937919976888,0.07203937919976888
42.9110733378819,-85.8115354169098,42.9110735377308,-85.8115349303483,2023-01-12 14:51:04.399,2023-01-12 14:51:03.399,1.0,0.04551399579982275,0.04551399579982275
42.9110726426588,-85.8115360125576,42.9110733378819,-85.8115354169098,2023-01-12 14:51:05.399,2023-01-12 14:51:04.399,1.0,0.09127299698431311,0.09127299698431311
42.9110722395124,-85.8115365735335,42.9110726426588,-85.8115360125576,2023-01-12 14:51:06.399,2023-01-12 14:51:05.399,1.0,0.06406397246884837,0.06406397246884837
42.9110722087814,-85.8115372667675,42.9110722395124,-85.8115365735335,2023-01-12 14:51:07.399,2023-01-12 14:51:06.399,1.0,0.05671127297826382,0.05671127297826382
42.9110715857489,-85.8115380020192,42.9110722087814,-85.8115372667675,2023-01-12 14:51:08.399,2023-01-12 14:51:07.399,1.0,0.09162546625215244,0.09162546625215244
42.9110713366765,-85.8115387342981,42.9110715857489,-85.8115380020192,2023-01-12 14:51:09.399,2023-01-12 14:51:08.399,1.0,0.06588828457846456,0.06588828457846456
42.9110710836271,-85.8115394270498,42.9110713366765,-85.8115387342981,2023-01-12 14:51:10.399,2023-01-12 14:51:09.399,1.0,0.06316892723033958,0.06316892723033958
42.9110706760187,-85.8115402075484,42.9110710836271,-85.8115394270498,2023-01-12 14:51:11.399,2023-01-12 14:51:10.399,1.0,0.078182407827502,0.078182407827502
42.9110704237736,-85.8115409274284,42.9110706760187,-85.8115402075484,2023-01-12 14:51:12.399,2023-01-12 14:51:11.399,1.0,0.06512169272704772,0.06512169272704772
42.9110699916662,-85.8115418372474,42.9110704237736,-85.8115409274284,2023-01-12 14:51:13.399,2023-01-12 14:51:12.399,1.0,0.0884532246900124,0.0884532246900124
42.9110695307551,-85.8115427290446,42.9110699916662,-85.8115418372474,2023-01-12 14:51:14.399,2023-01-12 14:51:13.399,1.0,0.08902198608730671,0.08902198608730671
42.911068674414,-85.8115435805769,42.9110695307551,-85.8115427290446,2023-01-12 14:51:15.399,2023-01-12 14:51:14.399,1.0,0.11783526427896207,0.11783526427896207
42.9110681423331,-85.8115444628554,42.911068674414,-85.8115435805769,2023-01-12 14:51:16.399,2023-01-12 14:51:15.399,1.0,0.09319054004009693,0.09319054004009693
42.9110672518438,-85.8115454639918,42.9110681423331,-85.8115444628554,2023-01-12 14:51:17.399,2023-01-12 14:51:16.399,1.0,0.1283335278141809,0.1283335278141809
42.9110663933387,-85.8115463721467,42.9110672518438,-85.8115454639918,2023-01-12 14:51:18.399,2023-01-12 14:51:17.399,1.0,0.12081119184516721,0.12081119184516721
42.9110659779321,-85.8115474562624,42.9110663933387,-85.8115463721467,2023-01-12 14:51:19.399,2023-01-12 14:51:18.399,1.0,0.09983337445173553,0.09983337445173553
42.9110652354339,-85.811548330695,42.9110659779321,-85.8115474562624,2023-01-12 14:51:20.399,2023-01-12 14:51:19.399,1.0,0.1090981363940569,0.1090981363940569
42.9110641397723,-85.8115494708006,42.9110652354339,-85.811548330695,2023-01-12 14:51:21.399,2023-01-12 14:51:20.399,1.0,0.15324093315699716,0.15324093315699716
42.9110635268594,-85.8115503295302,42.9110641397723,-85.8115494708006,2023-01-12 14:51:22.399,2023-01-12 14:51:21.399,1.0,0.09774097728194786,0.09774097728194786
42.9110626680541,-85.8115513114283,42.9110635268594,-85.8115503295302,2023-01-12 14:51:23.399,2023-01-12 14:51:22.399,1.0,0.12462382599964938,0.12462382599964938
42.9110624983239,-85.811551865752,42.9110626680541,-85.8115513114283,2023-01-12 14:51:24.399,2023-01-12 14:51:23.399,1.0,0.04903540222175665,0.04903540222175665
42.9110624589338,-85.8115524528192,42.9110624983239,-85.811551865752,2023-01-12 14:51:25.399,2023-01-12 14:51:24.399,1.0,0.048138314772135225,0.048138314772135225
42.9110623332419,-85.8115531264597,42.9110624589338,-85.8115524528192,2023-01-12 14:51:26.399,2023-01-12 14:51:25.399,1.0,0.056752993798017404,0.056752993798017404
42.9110616337568,-85.8115538662927,42.9110623332419,-85.8115531264597,2023-01-12 14:51:27.399,2023-01-12 14:51:26.399,1.0,0.09842818476644433,0.09842818476644433
42.9110610014223,-85.8115543679508,42.9110616337568,-85.8115538662927,2023-01-12 14:51:28.399,2023-01-12 14:51:27.399,1.0,0.08131848985762487,0.08131848985762487
42.9110606424606,-85.8115552348987,42.9110610014223,-85.8115543679508,2023-01-12 14:51:29.399,2023-01-12 14:51:28.399,1.0,0.0812523757709829,0.0812523757709829
42.9110602093443,-85.8115560046783,42.9110606424606,-85.8115552348987,2023-01-12 14:51:30.399,2023-01-12 14:51:29.399,1.0,0.07916023010631096,0.07916023010631096
42.9110593743141,-85.8115569418844,42.9110602093443,-85.8115560046783,2023-01-12 14:51:31.399,2023-01-12 14:51:30.399,1.0,0.12025884814688967,0.12025884814688967
42.9110588482179,-85.8115575795091,42.9110593743141,-85.8115569418844,2023-01-12 14:51:32.399,2023-01-12 14:51:31.399,1.0,0.07827379374545111,0.07827379374545111
42.9110581980434,-85.8115584527584,42.9110588482179,-85.8115575795091,2023-01-12 14:51:33.399,2023-01-12 14:51:32.399,1.0,0.10149789466205973,0.10149789466205973
42.9110575865473,-85.8115589707721,42.9110581980434,-85.8115584527584,2023-01-12 14:51:34.399,2023-01-12 14:51:33.399,1.0,0.0800251576402987,0.0800251576402987
42.9110569876059,-85.8115594324781,42.9110575865473,-85.8115589707721,2023-01-12 14:51:35.399,2023-01-12 14:51:34.399,1.0,0.07647633188018653,0.07647633188018653
42.911056263166,-85.811559810692,42.9110569876059,-85.8115594324781,2023-01-12 14:51:36.399,2023-01-12 14:51:35.399,1.0,0.08620136056244371,0.08620136056244371
42.9110555195321,-85.8115602089672,42.911056263166,-85.811559810692,2023-01-12 14:51:37.399,2023-01-12 14:51:36.399,1.0,0.08878231540156341,0.08878231540156341
42.9110548587261,-85.8115605215555,42.9110555195321,-85.8115602089672,2023-01-12 14:51:38.399,2023-01-12 14:51:37.399,1.0,0.07772078305475205,0.07772078305475205
42.9110541622681,-85.8115608398728,42.9110548587261,-85.8115605215555,2023-01-12 14:51:39.399,2023-01-12 14:51:38.399,1.0,0.08161986778265604,0.08161986778265604
42.9110535449429,-85.8115611530885,42.9110541622681,-85.8115608398728,2023-01-12 14:51:40.399,2023-01-12 14:51:39.399,1.0,0.07319347987417521,0.07319347987417521
42.9110532746019,-85.8115614861624,42.9110535449429,-85.8115611530885,2023-01-12 14:51:41.399,2023-01-12 14:51:40.399,1.0,0.04051785313922091,0.04051785313922091
42.911052534953,-85.8115616897368,42.9110532746019,-85.8115614861624,2023-01-12 14:51:42.399,2023-01-12 14:51:41.399,1.0,0.08383304320468762,0.08383304320468762
42.9110521048496,-85.8115620006556,42.911052534953,-85.8115616897368,2023-01-12 14:51:43.399,2023-01-12 14:51:42.399,1.0,0.054107271390443086,0.054107271390443086
42.9110511569991,-85.8115622653294,42.9110521048496,-85.8115620006556,2023-01-12 14:51:44.399,2023-01-12 14:51:43.399,1.0,0.10749285510596375,0.10749285510596375
42.9110503423799,-85.8115622201281,42.9110511569991,-85.8115622653294,2023-01-12 14:51:45.399,2023-01-12 14:51:44.399,1.0,0.09057210577169245,0.09057210577169245
42.9110498917405,-85.8115619543964,42.9110503423799,-85.8115622201281,2023-01-12 14:51:46.399,2023-01-12 14:51:45.399,1.0,0.05456243822417109,0.05456243822417109
42.9110494057247,-85.8115619372372,42.9110498917405,-85.8115619543964,2023-01-12 14:51:47.399,2023-01-12 14:51:46.399,1.0,0.05401016145096525,0.05401016145096525
42.9110489615006,-85.8115619506377,42.9110494057247,-85.8115619372372,2023-01-12 14:51:48.399,2023-01-12 14:51:47.399,1.0,0.04936143199356312,0.04936143199356312
42.9110484875224,-85.811561753158,42.9110489615006,-85.8115619506377,2023-01-12 14:51:49.399,2023-01-12 14:51:48.399,1.0,0.055068714476190446,0.055068714476190446
42.9110478136256,-85.8115615949096,42.9110484875224,-85.811561753158,2023-01-12 14:51:50.399,2023-01-12 14:51:49.399,1.0,0.07597095379599915,0.07597095379599915
42.9110473611355,-85.8115614610291,42.9110478136256,-85.8115615949096,2023-01-12 14:51:51.399,2023-01-12 14:51:50.399,1.0,0.05144267274433596,0.05144267274433596
42.9110472699484,-85.8115614139423,42.9110473611355,-85.8115614610291,2023-01-12 14:51:52.399,2023-01-12 14:51:51.399,1.0,0.010835247387454713,0.010835247387454713
42.9110469647285,-85.8115612235562,42.9110472699484,-85.8115614139423,2023-01-12 14:51:53.399,2023-01-12 14:51:52.399,1.0,0.037301410926416735,0.037301410926416735
42.9110467214946,-85.8115611656722,42.9110469647285,-85.8115612235562,2023-01-12 14:51:54.399,2023-01-12 14:51:53.399,1.0,0.02743139727028471,0.02743139727028471
42.9110462252446,-85.8115610723638,42.9110467214946,-85.8115611656722,2023-01-12 14:51:55.399,2023-01-12 14:51:54.399,1.0,0.055652964904758406,0.055652964904758406
42.9110456695304,-85.8115609440259,42.9110462252446,-85.8115610723638,2023-01-12 14:51:56.399,2023-01-12 14:51:55.399,1.0,0.0626180430201374,0.0626180430201374
42.9110456357015,-85.8115606081772,42.9110456695304,-85.8115609440259,2023-01-12 14:51:57.399,2023-01-12 14:51:56.399,1.0,0.027681191370515106,0.027681191370515106
42.9110451122175,-85.8115602698402,42.9110456357015,-85.8115606081772,2023-01-12 14:51:58.399,2023-01-12 14:51:57.399,1.0,0.06438354797669481,0.06438354797669481
42.9110446777983,-85.8115599275688,42.9110451122175,-85.8115602698402,2023-01-12 14:51:59.399,2023-01-12 14:51:58.399,1.0,0.055769176880257475,0.055769176880257475
42.9110440268837,-85.8115596411326,42.9110446777983,-85.8115599275688,2023-01-12 14:52:00.399,2023-01-12 14:51:59.399,1.0,0.07599957377108586,0.07599957377108586
42.9110437166276,-85.8115592541763,42.9110440268837,-85.8115596411326,2023-01-12 14:52:01.399,2023-01-12 14:52:00.399,1.0,0.046758971333867805,0.046758971333867805
42.9110432553239,-85.8115587837265,42.9110437166276,-85.8115592541763,2023-01-12 14:52:02.399,2023-01-12 14:52:01.399,1.0,0.06404709140565848,0.06404709140565848
42.9110431072621,-85.8115583281336,42.9110432553239,-85.8115587837265,2023-01-12 14:52:03.399,2023-01-12 14:52:02.399,1.0,0.04067693842472374,0.04067693842472374
42.9110425879243,-85.811557933774,42.9110431072621,-85.8115583281336,2023-01-12 14:52:04.399,2023-01-12 14:52:03.399,1.0,0.06607261795293984,0.06607261795293984
42.9110420041695,-85.8115575988183,42.9110425879243,-85.811557933774,2023-01-12 14:52:05.399,2023-01-12 14:52:04.399,1.0,0.07038210777981606,0.07038210777981606
42.9110412994285,-85.8115572881544,42.9110420041695,-85.8115575988183,2023-01-12 14:52:06.399,2023-01-12 14:52:05.399,1.0,0.0822978598135296,0.0822978598135296
42.9110407016361,-85.8115569062384,42.9110412994285,-85.8115572881544,2023-01-12 14:52:07.399,2023-01-12 14:52:06.399,1.0,0.07336765129482543,0.07336765129482543
42.9110402434131,-85.8115564754241,42.9110407016361,-85.8115569062384,2023-01-12 14:52:08.399,2023-01-12 14:52:07.399,1.0,0.06187787351918101,0.06187787351918101
42.9110397127427,-85.8115560640159,42.9110402434131,-85.8115564754241,2023-01-12 14:52:09.399,2023-01-12 14:52:08.399,1.0,0.06785310747637137,0.06785310747637137
42.9110388341307,-85.8115558446037,42.9110397127427,-85.8115560640159,2023-01-12 14:52:10.399,2023-01-12 14:52:09.399,1.0,0.09923670523416378,0.09923670523416378
42.9110380640393,-85.8115555114704,42.9110388341307,-85.8115558446037,2023-01-12 14:52:11.399,2023-01-12 14:52:10.399,1.0,0.08977111820429978,0.08977111820429978
42.9110376214069,-85.8115551597048,42.9110380640393,-85.8115555114704,2023-01-12 14:52:12.399,2023-01-12 14:52:11.399,1.0,0.05694767972019716,0.05694767972019716
42.9110376268814,-85.8115549699736,42.9110376214069,-85.8115551597048,2023-01-12 14:52:13.399,2023-01-12 14:52:12.399,1.0,0.015505098345806219,0.015505098345806219
42.911037171424,-85.811554792753,42.9110376268814,-85.8115549699736,2023-01-12 14:52:14.399,2023-01-12 14:52:13.399,1.0,0.05262608659497279,0.05262608659497279
42.9110367260501,-85.8115546953433,42.911037171424,-85.811554792753,2023-01-12 14:52:15.399,2023-01-12 14:52:14.399,1.0,0.05011235637187041,0.05011235637187041
42.9110360057549,-85.8115547355656,42.9110367260501,-85.8115546953433,2023-01-12 14:52:16.399,2023-01-12 14:52:15.399,1.0,0.08008569590585053,0.08008569590585053
42.9110355611448,-85.8115544540262,42.9110360057549,-85.8115547355656,2023-01-12 14:52:17.399,2023-01-12 14:52:16.399,1.0,0.054480563258828864,0.054480563258828864
42.9110349344527,-85.8115543986431,42.9110355611448,-85.8115544540262,2023-01-12 14:52:18.399,2023-01-12 14:52:17.399,1.0,0.06976659017699227,0.06976659017699227
42.9110343283164,-85.8115542817095,42.9110349344527,-85.8115543986431,2023-01-12 14:52:19.399,2023-01-12 14:52:18.399,1.0,0.06800994173348403,0.06800994173348403
42.9110336899881,-85.8115539588931,42.9110343283164,-85.8115542817095,2023-01-12 14:52:20.399,2023-01-12 14:52:19.399,1.0,0.07565364470823478,0.07565364470823478
42.9110331810432,-85.8115539221541,42.9110336899881,-85.8115539588931,2023-01-12 14:52:21.399,2023-01-12 14:52:20.399,1.0,0.05661873724248861,0.05661873724248861
42.9110328321788,-85.8115541585477,42.9110331810432,-85.8115539221541,2023-01-12 14:52:22.399,2023-01-12 14:52:21.399,1.0,0.04329700934853561,0.04329700934853561
42.9110323074508,-85.8115542196724,42.9110328321788,-85.8115541585477,2023-01-12 14:52:23.399,2023-01-12 14:52:22.399,1.0,0.058505863078257475,0.058505863078257475
42.9110315384106,-85.8115544662098,42.9110323074508,-85.8115542196724,2023-01-12 14:52:24.399,2023-01-12 14:52:23.399,1.0,0.08777338229029549,0.08777338229029549
42.9110314216854,-85.8115546052584,42.9110315384106,-85.8115544662098,2023-01-12 14:52:25.399,2023-01-12 14:52:24.399,1.0,0.017235743871960085,0.017235743871960085
42.9110310651873,-85.8115546709499,42.9110314216854,-85.8115546052584,2023-01-12 14:52:26.399,2023-01-12 14:52:25.399,1.0,0.03996537316480135,0.03996537316480135
42.911030604568,-85.8115548858571,42.9110310651873,-85.8115546709499,2023-01-12 14:52:27.399,2023-01-12 14:52:26.399,1.0,0.05409624716238677,0.05409624716238677
42.9110300256045,-85.8115550667228,42.911030604568,-85.8115548858571,2023-01-12 14:52:28.399,2023-01-12 14:52:27.399,1.0,0.06599157747542714,0.06599157747542714
42.9110296534465,-85.8115551995334,42.9110300256045,-85.8115550667228,2023-01-12 14:52:29.399,2023-01-12 14:52:28.399,1.0,0.04274217732979784,0.04274217732979784
42.9110291498451,-85.8115553074122,42.9110296534465,-85.8115551995334,2023-01-12 14:52:30.399,2023-01-12 14:52:29.399,1.0,0.0566348915266441,0.0566348915266441
42.9110287316498,-85.8115555543512,42.9110291498451,-85.8115553074122,2023-01-12 14:52:31.399,2023-01-12 14:52:30.399,1.0,0.05064518847340813,0.05064518847340813
42.9110281255652,-85.8115556698698,42.9110287316498,-85.8115555543512,2023-01-12 14:52:32.399,2023-01-12 14:52:31.399,1.0,0.06798812646796627,0.06798812646796627
42.9110276142969,-85.8115556741917,42.9110281255652,-85.8115556698698,2023-01-12 14:52:33.399,2023-01-12 14:52:32.399,1.0,0.05679840536867399,0.05679840536867399
42.9110270865789,-85.8115557019975,42.9110276142969,-85.8115556741917,2023-01-12 14:52:34.399,2023-01-12 14:52:33.399,1.0,0.05866867638800006,0.05866867638800006
42.9110274032563,-85.8115559546431,42.9110270865789,-85.8115557019975,2023-01-12 14:52:35.399,2023-01-12 14:52:34.399,1.0,0.04078305370125475,0.04078305370125475
42.911027198735,-85.8115562425482,42.9110274032563,-85.8115559546431,2023-01-12 14:52:36.399,2023-01-12 14:52:35.399,1.0,0.03269458189163861,0.03269458189163861
42.9110272175477,-85.8115564932697,42.911027198735,-85.8115562425482,2023-01-12 14:52:37.399,2023-01-12 14:52:36.399,1.0,0.02057993924617222,0.02057993924617222
42.9110265454789,-85.8115564991254,42.9110272175477,-85.8115564932697,2023-01-12 14:52:38.399,2023-01-12 14:52:37.399,1.0,0.07466232818510082,0.07466232818510082
42.9110264145587,-85.8115565981101,42.9110265454789,-85.8115564991254,2023-01-12 14:52:39.399,2023-01-12 14:52:38.399,1.0,0.01663921698573615,0.01663921698573615
42.9110259534857,-85.8115567884469,42.9110264145587,-85.8115565981101,2023-01-12 14:52:40.399,2023-01-12 14:52:39.399,1.0,0.05352728569259734,0.05352728569259734
42.9110256992591,-85.8115568611142,42.9110259534857,-85.8115567884469,2023-01-12 14:52:41.399,2023-01-12 14:52:40.399,1.0,0.02885893471648683,0.02885893471648683
42.9110251790385,-85.8115570262534,42.9110256992591,-85.8115568611142,2023-01-12 14:52:42.399,2023-01-12 14:52:41.399,1.0,0.05934425869293857,0.05934425869293857
42.9110247969498,-85.8115572934883,42.9110251790385,-85.8115570262534,2023-01-12 14:52:43.399,2023-01-12 14:52:42.399,1.0,0.04772751107032178,0.04772751107032178
42.9110239455318,-85.8115573025045,42.9110247969498,-85.8115572934883,2023-01-12 14:52:44.399,2023-01-12 14:52:43.399,1.0,0.0945877452801932,0.0945877452801932
42.9110234779773,-85.8115575344708,42.9110239455318,-85.8115573025045,2023-01-12 14:52:45.399,2023-01-12 14:52:44.399,1.0,0.05528723223530492,0.05528723223530492
42.9110233299661,-85.8115578244081,42.9110234779773,-85.8115575344708,2023-01-12 14:52:46.399,2023-01-12 14:52:45.399,1.0,0.028825489267511828,0.028825489267511828
42.9110226718319,-85.8115580016156,42.9110233299661,-85.8115578244081,2023-01-12 14:52:47.399,2023-01-12 14:52:46.399,1.0,0.07453103601186375,0.07453103601186375
42.9110226037605,-85.8115583290923,42.9110226718319,-85.8115580016156,2023-01-12 14:52:48.399,2023-01-12 14:52:47.399,1.0,0.02778994379150672,0.02778994379150672
42.9110221678425,-85.8115586730272,42.9110226037605,-85.8115583290923,2023-01-12 14:52:49.399,2023-01-12 14:52:48.399,1.0,0.055981353316786726,0.055981353316786726
42.9110218883217,-85.8115587849558,42.9110221678425,-85.8115586730272,2023-01-12 14:52:50.399,2023-01-12 14:52:49.399,1.0,0.032369434336518434,0.032369434336518434
42.9110219875348,-85.8115590461654,42.9110218883217,-85.8115587849558,2023-01-12 14:52:51.399,2023-01-12 14:52:50.399,1.0,0.024009290312063707,0.024009290312063707
42.9110217894693,-85.8115593302954,42.9110219875348,-85.8115590461654,2023-01-12 14:52:52.399,2023-01-12 14:52:51.399,1.0,0.03197594400172601,0.03197594400172601
42.9110214828028,-85.8115596388086,42.9110217894693,-85.8115593302954,2023-01-12 14:52:53.399,2023-01-12 14:52:52.399,1.0,0.042370921713646634,0.042370921713646634
42.9110212604493,-85.811559908923,42.9110214828028,-85.8115596388086,2023-01-12 14:52:54.399,2023-01-12 14:52:53.399,1.0,0.03311616395540631,0.03311616395540631
42.9110209774206,-85.811560342611,42.9110212604493,-85.811559908923,2023-01-12 14:52:55.399,2023-01-12 14:52:54.399,1.0,0.047357894494456335,0.047357894494456335
42.9110204622453,-85.8115608321474,42.9110209774206,-85.811560342611,2023-01-12 14:52:56.399,2023-01-12 14:52:55.399,1.0,0.06980983371940533,0.06980983371940533
42.9110202661533,-85.8115613661127,42.9110204622453,-85.8115608321474,2023-01-12 14:52:57.399,2023-01-12 14:52:56.399,1.0,0.04874167776734436,0.04874167776734436
42.9110196550225,-85.8115618931243,42.9110202661533,-85.8115613661127,2023-01-12 14:52:58.399,2023-01-12 14:52:57.399,1.0,0.08038169364876249,0.08038169364876249
42.9110191037265,-85.8115622364336,42.9110196550225,-85.8115618931243,2023-01-12 14:52:59.399,2023-01-12 14:52:58.399,1.0,0.06735535072794173,0.06735535072794173
42.911018636868,-85.8115627433966,42.9110191037265,-85.8115622364336,2023-01-12 14:53:00.399,2023-01-12 14:52:59.399,1.0,0.06635988267982011,0.06635988267982011
42.9110189003036,-85.8115632981568,42.911018636868,-85.8115627433966,2023-01-12 14:53:01.399,2023-01-12 14:53:00.399,1.0,0.05393172660710998,0.05393172660710998
42.9110190567729,-85.8115636796221,42.9110189003036,-85.8115632981568,2023-01-12 14:53:02.399,2023-01-12 14:53:01.399,1.0,0.03567157790424822,0.03567157790424822
42.9110194047055,-85.8115641193723,42.9110190567729,-85.8115636796221,2023-01-12 14:53:03.399,2023-01-12 14:53:02.399,1.0,0.05275862980015848,0.05275862980015848
42.9110195250342,-85.8115645512041,42.9110194047055,-85.8115641193723,2023-01-12 14:53:04.399,2023-01-12 14:53:03.399,1.0,0.03771140280552149,0.03771140280552149
42.9110198434989,-85.8115651085208,42.9110195250342,-85.8115645512041,2023-01-12 14:53:05.399,2023-01-12 14:53:04.399,1.0,0.05764349186095698,0.05764349186095698
42.9110206217885,-85.8115657514731,42.9110198434989,-85.8115651085208,2023-01-12 14:53:06.399,2023-01-12 14:53:05.399,1.0,0.10115343118474233,0.10115343118474233
42.911021389161,-85.8115663799199,42.9110206217885,-85.8115657514731,2023-01-12 14:53:07.399,2023-01-12 14:53:06.399,1.0,0.09950273139816544,0.09950273139816544
42.9110222105484,-85.8115671559819,42.911021389161,-85.8115663799199,2023-01-12 14:53:08.399,2023-01-12 14:53:07.399,1.0,0.11109615374620545,0.11109615374620545
42.9110231152096,-85.8115676712395,42.9110222105484,-85.8115671559819,2023-01-12 14:53:09.399,2023-01-12 14:53:08.399,1.0,0.10895188871049757,0.10895188871049757
42.9110236763246,-85.8115682072055,42.9110231152096,-85.8115676712395,2023-01-12 14:53:10.399,2023-01-12 14:53:09.399,1.0,0.07616502177802675,0.07616502177802675
42.9110245339073,-85.8115687889647,42.9110236763246,-85.8115682072055,2023-01-12 14:53:11.399,2023-01-12 14:53:10.399,1.0,0.10645704318290773,0.10645704318290773
42.9110250823291,-85.8115691786968,42.9110245339073,-85.8115687889647,2023-01-12 14:53:12.399,2023-01-12 14:53:11.399,1.0,0.0687360873013573,0.0687360873013573
42.9110257314495,-85.8115694551948,42.9110250823291,-85.8115691786968,2023-01-12 14:53:13.399,2023-01-12 14:53:12.399,1.0,0.0755635110998217,0.0755635110998217
42.911026404881,-85.811569921242,42.9110257314495,-85.8115694551948,2023-01-12 14:53:14.399,2023-01-12 14:53:13.399,1.0,0.08393555160589744,0.08393555160589744
42.9110277634706,-85.81157037702,42.911026404881,-85.811569921242,2023-01-12 14:53:15.399,2023-01-12 14:53:14.399,1.0,0.15544830397550347,0.15544830397550347
42.9110284970036,-85.8115710321202,42.9110277634706,-85.81157037702,2023-01-12 14:53:16.399,2023-01-12 14:53:15.399,1.0,0.09747874869167604,0.09747874869167604
42.91102926388,-85.8115715336059,42.9110284970036,-85.8115710321202,2023-01-12 14:53:17.399,2023-01-12 14:53:16.399,1.0,0.09452411888043709,0.09452411888043709
42.9110300377776,-85.811572142736,42.91102926388,-85.8115715336059,2023-01-12 14:53:18.399,2023-01-12 14:53:17.399,1.0,0.0993252259301974,0.0993252259301974
42.9110314228442,-85.8115728352372,42.9110300377776,-85.811572142736,2023-01-12 14:53:19.399,2023-01-12 14:53:18.399,1.0,0.16393060374080579,0.16393060374080579
42.91103218582,-85.8115733704381,42.9110314228442,-85.8115728352372,2023-01-12 14:53:20.399,2023-01-12 14:53:19.399,1.0,0.09536366737803807,0.09536366737803807
42.9110332933075,-85.8115740786774,42.91103218582,-85.8115733704381,2023-01-12 14:53:21.399,2023-01-12 14:53:20.399,1.0,0.13594702071472212,0.13594702071472212
42.9110340614349,-85.8115745396966,42.9110332933075,-85.8115740786774,2023-01-12 14:53:22.399,2023-01-12 14:53:21.399,1.0,0.09326730217021265,0.09326730217021265
42.9110352810204,-85.8115751080509,42.9110340614349,-85.8115745396966,2023-01-12 14:53:23.399,2023-01-12 14:53:22.399,1.0,0.14321367636781376,0.14321367636781376
42.9110360184082,-85.8115756197225,42.9110352810204,-85.8115751080509,2023-01-12 14:53:24.399,2023-01-12 14:53:23.399,1.0,0.09195750828009522,0.09195750828009522
42.9110365956447,-85.811576026895,42.9110360184082,-85.8115756197225,2023-01-12 14:53:25.399,2023-01-12 14:53:24.399,1.0,0.07223308478790547,0.07223308478790547
42.9110374152534,-85.8115763744812,42.9110365956447,-85.811576026895,2023-01-12 14:53:26.399,2023-01-12 14:53:25.399,1.0,0.09537257556230248,0.09537257556230248
42.9110381054155,-85.811576916465,42.9110374152534,-85.8115763744812,2023-01-12 14:53:27.399,2023-01-12 14:53:26.399,1.0,0.08852765502849187,0.08852765502849187
42.9110390860446,-85.811577088484,42.9110381054155,-85.811576916465,2023-01-12 14:53:28.399,2023-01-12 14:53:27.399,1.0,0.10984094862444307,0.10984094862444307
42.911040447554,-85.8115774399361,42.9110390860446,-85.811577088484,2023-01-12 14:53:29.399,2023-01-12 14:53:28.399,1.0,0.15395010703776815,0.15395010703776815
42.9110414906363,-85.8115778709067,42.911040447554,-85.8115774399361,2023-01-12 14:53:30.399,2023-01-12 14:53:29.399,1.0,0.12110325667423637,0.12110325667423637
42.9110424523679,-85.8115779720652,42.9110414906363,-85.8115778709067,2023-01-12 14:53:31.399,2023-01-12 14:53:30.399,1.0,0.10715858568479276,0.10715858568479276
42.9110439208375,-85.81157822439,42.9110424523679,-85.8115779720652,2023-01-12 14:53:32.399,2023-01-12 14:53:31.399,1.0,0.16442982844931806,0.16442982844931806
42.9110450861988,-85.8115784853396,42.9110439208375,-85.81157822439,2023-01-12 14:53:33.399,2023-01-12 14:53:32.399,1.0,0.1312030997309792,0.1312030997309792
42.9110459413478,-85.8115785787472,42.9110450861988,-85.8115784853396,2023-01-12 14:53:34.399,2023-01-12 14:53:33.399,1.0,0.0953050772331835,0.0953050772331835
42.9110468604327,-85.8115785905107,42.9110459413478,-85.8115785787472,2023-01-12 14:53:35.399,2023-01-12 14:53:34.399,1.0,0.10210658228085011,0.10210658228085011
42.9110477014493,-85.8115785666067,42.9110468604327,-85.8115785905107,2023-01-12 14:53:36.399,2023-01-12 14:53:35.399,1.0,0.09344976665260676,0.09344976665260676
42.9110489815084,-85.811578817938,42.9110477014493,-85.8115785666067,2023-01-12 14:53:37.399,2023-01-12 14:53:36.399,1.0,0.14367642394939292,0.14367642394939292
42.9110499099656,-85.8115787985284,42.9110489815084,-85.811578817938,2023-01-12 14:53:38.399,2023-01-12 14:53:37.399,1.0,0.1031554175865823,0.1031554175865823
42.9110505987131,-85.8115787141017,42.9110499099656,-85.8115787985284,2023-01-12 14:53:39.399,2023-01-12 14:53:38.399,1.0,0.0768236179954286,0.0768236179954286
42.9110509160763,-85.8115785538774,42.9110505987131,-85.8115787141017,2023-01-12 14:53:40.399,2023-01-12 14:53:39.399,1.0,0.03760561000844037,0.03760561000844037
42.9110516290758,-85.8115782661343,42.9110509160763,-85.8115785538774,2023-01-12 14:53:41.399,2023-01-12 14:53:40.399,1.0,0.08261945050503519,0.08261945050503519
42.9110519341335,-85.8115779264608,42.9110516290758,-85.8115782661343,2023-01-12 14:53:42.399,2023-01-12 14:53:41.399,1.0,0.043793027922079744,0.043793027922079744
42.9110524567542,-85.8115776434625,42.9110519341335,-85.8115779264608,2023-01-12 14:53:43.399,2023-01-12 14:53:42.399,1.0,0.06248856105928776,0.06248856105928776
42.9110532902724,-85.8115774103192,42.9110524567542,-85.8115776434625,2023-01-12 14:53:44.399,2023-01-12 14:53:43.399,1.0,0.09453326730355434,0.09453326730355434
42.9110545776337,-85.8115773207904,42.9110532902724,-85.8115774103192,2023-01-12 14:53:45.399,2023-01-12 14:53:44.399,1.0,0.14320099876198553,0.14320099876198553
42.9110553522781,-85.8115773307906,42.9110545776337,-85.8115773207904,2023-01-12 14:53:46.399,2023-01-12 14:53:45.399,1.0,0.08605989753256153,0.08605989753256153
42.911056514407,-85.8115772522548,42.9110553522781,-85.8115773307906,2023-01-12 14:53:47.399,2023-01-12 14:53:46.399,1.0,0.12926125285948528,0.12926125285948528
42.9110574453247,-85.8115772773192,42.911056514407,-85.8115772522548,2023-01-12 14:53:48.399,2023-01-12 14:53:47.399,1.0,0.10343683299433196,0.10343683299433196
42.9110585346836,-85.811577484227,42.9110574453247,-85.8115772773192,2023-01-12 14:53:49.399,2023-01-12 14:53:48.399,1.0,0.1221917223483223,0.1221917223483223
42.9110591898738,-85.8115775666593,42.9110585346836,-85.811577484227,2023-01-12 14:53:50.399,2023-01-12 14:53:49.399,1.0,0.07309633191468957,0.07309633191468957
42.911060311321,-85.8115776708533,42.9110591898738,-85.8115775666593,2023-01-12 14:53:51.399,2023-01-12 14:53:50.399,1.0,0.12487289361604452,0.12487289361604452
42.9110609543956,-85.8115775949672,42.911060311321,-85.8115776708533,2023-01-12 14:53:52.399,2023-01-12 14:53:51.399,1.0,0.07170805470662626,0.07170805470662626
42.9110613304052,-85.8115774975186,42.9110609543956,-85.8115775949672,2023-01-12 14:53:53.399,2023-01-12 14:53:52.399,1.0,0.04252248805778523,0.04252248805778523
42.9110618137102,-85.8115774342404,42.9110613304052,-85.8115774975186,2023-01-12 14:53:54.399,2023-01-12 14:53:53.399,1.0,0.05393890920030012,0.05393890920030012
42.9110621687053,-85.8115773341808,42.9110618137102,-85.8115774342404,2023-01-12 14:53:55.399,2023-01-12 14:53:54.399,1.0,0.04027429492471804,0.04027429492471804
42.9110626518275,-85.8115772164736,42.9110621687053,-85.8115773341808,2023-01-12 14:53:56.399,2023-01-12 14:53:55.399,1.0,0.0545244184239274,0.0545244184239274
42.911063059312,-85.8115772290873,42.9110626518275,-85.8115772164736,2023-01-12 14:53:57.399,2023-01-12 14:53:56.399,1.0,0.0452795796026547,0.0452795796026547
42.9110629449797,-85.8115769791013,42.911063059312,-85.8115772290873,2023-01-12 14:53:58.399,2023-01-12 14:53:57.399,1.0,0.024042311450866934,0.024042311450866934
42.9110630979899,-85.8115767339582,42.9110629449797,-85.8115769791013,2023-01-12 14:53:59.399,2023-01-12 14:53:58.399,1.0,0.026261277742218214,0.026261277742218214
42.9110631303961,-85.811576516662,42.9110630979899,-85.8115767339582,2023-01-12 14:54:00.399,2023-01-12 14:53:59.399,1.0,0.01810559372728255,0.01810559372728255
42.9110635289562,-85.811576359697,42.9110631303961,-85.811576516662,2023-01-12 14:54:01.399,2023-01-12 14:54:00.399,1.0,0.04609438256328387,0.04609438256328387
42.9110636053321,-85.81157610431,42.9110635289562,-85.811576359697,2023-01-12 14:54:02.399,2023-01-12 14:54:01.399,1.0,0.02251444912922141,0.02251444912922141
42.9110641715397,-85.8115758737523,42.9110636053321,-85.81157610431,2023-01-12 14:54:03.399,2023-01-12 14:54:02.399,1.0,0.0656577274805279,0.0656577274805279
42.9110642761918,-85.8115754887767,42.9110641715397,-85.8115758737523,2023-01-12 14:54:04.399,2023-01-12 14:54:03.399,1.0,0.033517406407028515,0.033517406407028515
42.9110646318506,-85.8115752473203,42.9110642761918,-85.8115754887767,2023-01-12 14:54:05.399,2023-01-12 14:54:04.399,1.0,0.04415696453655607,0.04415696453655607
42.911064897751,-85.811574780067,42.9110646318506,-85.8115752473203,2023-01-12 14:54:06.399,2023-01-12 14:54:05.399,1.0,0.04825328497072539,0.04825328497072539
42.9110648933305,-85.8115744590549,42.911064897751,-85.811574780067,2023-01-12 14:54:07.399,2023-01-12 14:54:06.399,1.0,0.026217957915094573,0.026217957915094573
42.9110647393413,-85.8115740364325,42.9110648933305,-85.8115744590549,2023-01-12 14:54:08.399,2023-01-12 14:54:07.399,1.0,0.03851793651102227,0.03851793651102227
42.9110651133171,-85.8115736746673,42.9110647393413,-85.8115740364325,2023-01-12 14:54:09.399,2023-01-12 14:54:08.399,1.0,0.05097742697420697,0.05097742697420697
42.9110654406663,-85.8115731466146,42.9110651133171,-85.8115736746673,2023-01-12 14:54:10.399,2023-01-12 14:54:09.399,1.0,0.05640731835972541,0.05640731835972541
42.9110657748761,-85.8115727485841,42.9110654406663,-85.8115731466146,2023-01-12 14:54:11.399,2023-01-12 14:54:10.399,1.0,0.04934453280916549,0.04934453280916549
42.9110658109007,-85.8115722896281,42.9110657748761,-85.8115727485841,2023-01-12 14:54:12.399,2023-01-12 14:54:11.399,1.0,0.03769071419567187,0.03769071419567187
42.9110658759201,-85.8115718468112,42.9110658109007,-85.8115722896281,2023-01-12 14:54:13.399,2023-01-12 14:54:12.399,1.0,0.03687411465085445,0.03687411465085445
42.9110660635988,-85.8115716078828,42.9110658759201,-85.8115718468112,2023-01-12 14:54:14.399,2023-01-12 14:54:13.399,1.0,0.02855448890054115,0.02855448890054115
42.9110666329973,-85.811571313788,42.9110660635988,-85.8115716078828,2023-01-12 14:54:15.399,2023-01-12 14:54:14.399,1.0,0.06766045795938257,0.06766045795938257
42.9110667573538,-85.8115709107017,42.9110666329973,-85.811571313788,2023-01-12 14:54:16.399,2023-01-12 14:54:15.399,1.0,0.03569699304384329,0.03569699304384329
42.9110668682382,-85.8115706638399,42.9110667573538,-85.8115709107017,2023-01-12 14:54:17.399,2023-01-12 14:54:16.399,1.0,0.023624116886723577,0.023624116886723577
42.911066690886,-85.8115702262816,42.9110668682382,-85.8115706638399,2023-01-12 14:54:18.399,2023-01-12 14:54:17.399,1.0,0.04080239371633323,0.04080239371633323
42.9110665540125,-85.8115697676624,42.911066690886,-85.8115702262816,2023-01-12 14:54:19.399,2023-01-12 14:54:18.399,1.0,0.04041927488352967,0.04041927488352967
42.9110663898042,-85.8115693003759,42.9110665540125,-85.8115697676624,2023-01-12 14:54:20.399,2023-01-12 14:54:19.399,1.0,0.04229418867870299,0.04229418867870299
42.9110664412468,-85.8115688747673,42.9110663898042,-85.8115693003759,2023-01-12 14:54:21.399,2023-01-12 14:54:20.399,1.0,0.03522126560661658,0.03522126560661658
42.9110668183986,-85.8115684766309,42.9110664412468,-85.8115688747673,2023-01-12 14:54:22.399,2023-01-12 14:54:21.399,1.0,0.05303240170648574,0.05303240170648574
42.9110666824724,-85.8115681344422,42.9110668183986,-85.8115684766309,2023-01-12 14:54:23.399,2023-01-12 14:54:22.399,1.0,0.03176168416499634,0.03176168416499634
42.9110667843124,-85.8115679403125,42.9110666824724,-85.8115681344422,2023-01-12 14:54:24.399,2023-01-12 14:54:23.399,1.0,0.0194754195633288,0.0194754195633288
42.9110669596842,-85.8115676428137,42.9110667843124,-85.8115679403125,2023-01-12 14:54:25.399,2023-01-12 14:54:24.399,1.0,0.031140351713018263,0.031140351713018263
42.9110666802021,-85.8115671721073,42.9110669596842,-85.8115676428137,2023-01-12 14:54:26.399,2023-01-12 14:54:25.399,1.0,0.049410430099189113,0.049410430099189113
42.9110664898296,-85.8115667500705,42.9110666802021,-85.8115671721073,2023-01-12 14:54:27.399,2023-01-12 14:54:26.399,1.0,0.040434594337036354,0.040434594337036354
42.9110661375067,-85.8115662995756,42.9110664898296,-85.8115667500705,2023-01-12 14:54:28.399,2023-01-12 14:54:27.399,1.0,0.053714013152841564,0.053714013152841564
42.9110659116539,-85.8115658174699,42.9110661375067,-85.8115662995756,2023-01-12 14:54:29.399,2023-01-12 14:54:28.399,1.0,0.046683609696607974,0.046683609696607974
42.9110657358446,-85.8115653801745,42.9110659116539,-85.8115658174699,2023-01-12 14:54:30.399,2023-01-12 14:54:29.399,1.0,0.04070106875424116,0.04070106875424116
42.9110656249665,-85.8115649855513,42.9110657358446,-85.8115653801745,2023-01-12 14:54:31.399,2023-01-12 14:54:30.399,1.0,0.034498254542061076,0.034498254542061076
42.9110654389261,-85.8115645317166,42.9110656249665,-85.8115649855513,2023-01-12 14:54:32.399,2023-01-12 14:54:31.399,1.0,0.042432825476603375,0.042432825476603375
42.9110651533324,-85.8115642701452,42.9110654389261,-85.8115645317166,2023-01-12 14:54:33.399,2023-01-12 14:54:32.399,1.0,0.038246892284155606,0.038246892284155606
42.9110646533571,-85.8115638674731,42.9110651533324,-85.8115642701452,2023-01-12 14:54:34.399,2023-01-12 14:54:33.399,1.0,0.06454608266215665,0.06454608266215665
42.9110647275877,-85.8115635474956,42.9110646533571,-85.8115638674731,2023-01-12 14:54:35.399,2023-01-12 14:54:34.399,1.0,0.0273992769347007,0.0273992769347007
42.9110647689077,-85.8115632491557,42.9110647275877,-85.8115635474956,2023-01-12 14:54:36.399,2023-01-12 14:54:35.399,1.0,0.024790658647847238,0.024790658647847238
42.9110641011466,-85.8115628061893,42.9110647689077,-85.8115632491557,2023-01-12 14:54:37.399,2023-01-12 14:54:36.399,1.0,0.08253130859672674,0.08253130859672674
42.9110635486037,-85.8115624239312,42.9110641011466,-85.8115628061893,2023-01-12 14:54:38.399,2023-01-12 14:54:37.399,1.0,0.06886340739282758,0.06886340739282758
42.911063451553,-85.8115622910499,42.9110635486037,-85.8115624239312,2023-01-12 14:54:39.399,2023-01-12 14:54:38.399,1.0,0.015296456583358951,0.015296456583358951
42.9110629718391,-85.8115619063639,42.911063451553,-85.8115622910499,2023-01-12 14:54:40.399,2023-01-12 14:54:39.399,1.0,0.061861094211242376,0.061861094211242376
42.9110628921868,-85.8115616726166,42.9110629718391,-85.8115619063639,2023-01-12 14:54:41.399,2023-01-12 14:54:40.399,1.0,0.021038758342249414,0.021038758342249414
42.9110626472365,-85.8115614408556,42.9110628921868,-85.8115616726166,2023-01-12 14:54:42.399,2023-01-12 14:54:41.399,1.0,0.03314582613270711,0.03314582613270711
42.9110625326159,-85.811561213343,42.9110626472365,-85.8115614408556,2023-01-12 14:54:43.399,2023-01-12 14:54:42.399,1.0,0.0225231390935904,0.0225231390935904
42.9110625124748,-85.8115610088393,42.9110625326159,-85.811561213343,2023-01-12 14:54:44.399,2023-01-12 14:54:43.399,1.0,0.016848689478410235,0.016848689478410235
42.9110623689843,-85.8115606447804,42.9110625124748,-85.8115610088393,2023-01-12 14:54:45.399,2023-01-12 14:54:44.399,1.0,0.03373252259230937,0.03373252259230937
42.911061677941,-85.8115601272823,42.9110623689843,-85.8115606447804,2023-01-12 14:54:46.399,2023-01-12 14:54:45.399,1.0,0.08763092956889341,0.08763092956889341
42.9110607900285,-85.8115597558716,42.911061677941,-85.8115601272823,2023-01-12 14:54:47.399,2023-01-12 14:54:46.399,1.0,0.10319645522632044,0.10319645522632044
42.911060525918,-85.8115595559839,42.9110607900285,-85.8115597558716,2023-01-12 14:54:48.399,2023-01-12 14:54:47.399,1.0,0.033574961224971125,0.033574961224971125
42.9110598079568,-85.8115591808881,42.911060525918,-85.8115595559839,2023-01-12 14:54:49.399,2023-01-12 14:54:48.399,1.0,0.0854381922705508,0.0854381922705508
42.9110595363937,-85.8115590051659,42.9110598079568,-85.8115591808881,2023-01-12 14:54:50.399,2023-01-12 14:54:49.399,1.0,0.03340690220651589,0.03340690220651589
42.9110590796119,-85.8115587197024,42.9110595363937,-85.8115590051659,2023-01-12 14:54:51.399,2023-01-12 14:54:50.399,1.0,0.0558423577523899,0.0558423577523899
42.9110585579514,-85.8115584829364,42.9110590796119,-85.8115587197024,2023-01-12 14:54:52.399,2023-01-12 14:54:51.399,1.0,0.061091829051175994,0.061091829051175994
42.9110582729898,-85.8115581951249,42.9110585579514,-85.8115584829364,2023-01-12 14:54:53.399,2023-01-12 14:54:52.399,1.0,0.03942715405655063,0.03942715405655063
42.911058243215,-85.8115582123926,42.9110582729898,-85.8115581951249,2023-01-12 14:54:54.399,2023-01-12 14:54:53.399,1.0,0.003595722119575812,0.003595722119575812
42.9110579353552,-85.8115580456718,42.911058243215,-85.8115582123926,2023-01-12 14:54:55.399,2023-01-12 14:54:54.399,1.0,0.03681055007015071,0.03681055007015071
42.9110575307156,-85.811557778704,42.9110579353552,-85.8115580456718,2023-01-12 14:54:56.399,2023-01-12 14:54:55.399,1.0,0.04995912487838921,0.04995912487838921
42.9110569753339,-85.8115575472476,42.9110575307156,-85.811557778704,2023-01-12 14:54:57.399,2023-01-12 14:54:56.399,1.0,0.06452795091796737,0.06452795091796737
42.9110565665776,-85.8115573887911,42.9110569753339,-85.8115575472476,2023-01-12 14:54:58.399,2023-01-12 14:54:57.399,1.0,0.04721669908259474,0.04721669908259474
42.9110566246696,-85.811557370751,42.9110565665776,-85.8115573887911,2023-01-12 14:54:59.399,2023-01-12 14:54:58.399,1.0,0.006619498565814911,0.006619498565814911
42.9110562887286,-85.8115571623481,42.9110566246696,-85.811557370751,2023-01-12 14:55:00.399,2023-01-12 14:54:59.399,1.0,0.04101697062279707,0.04101697062279707
42.911056203737,-85.8115568309269,42.9110562887286,-85.8115571623481,2023-01-12 14:55:01.399,2023-01-12 14:55:00.399,1.0,0.02866308865757013,0.02866308865757013
42.9110557940245,-85.8115565419026,42.911056203737,-85.8115568309269,2023-01-12 14:55:02.399,2023-01-12 14:55:01.399,1.0,0.051270556330085225,0.051270556330085225
42.9110557664068,-85.8115563311301,42.9110557940245,-85.8115565419026,2023-01-12 14:55:03.399,2023-01-12 14:55:02.399,1.0,0.017482680101981216,0.017482680101981216
42.9110559385133,-85.8115562093837,42.9110557664068,-85.8115563311301,2023-01-12 14:55:04.399,2023-01-12 14:55:03.399,1.0,0.02154972404083812,0.02154972404083812
42.9110563999485,-85.8115562350472,42.9110559385133,-85.8115562093837,2023-01-12 14:55:05.399,2023-01-12 14:55:04.399,1.0,0.051304118398475325,0.051304118398475325
42.9110566430721,-85.8115563138074,42.9110563999485,-85.8115562350472,2023-01-12 14:55:06.399,2023-01-12 14:55:05.399,1.0,0.027764024536764475,0.027764024536764475
42.9110565992462,-85.8115560987838,42.9110566430721,-85.8115563138074,2023-01-12 14:55:07.399,2023-01-12 14:55:06.399,1.0,0.0182210002214586,0.0182210002214586
42.9110568175724,-85.8115559162494,42.9110565992462,-85.8115560987838,2023-01-12 14:55:08.399,2023-01-12 14:55:07.399,1.0,0.028468115482913704,0.028468115482913704
42.9110569556836,-85.8115557169492,42.9110568175724,-85.8115559162494,2023-01-12 14:55:09.399,2023-01-12 14:55:08.399,1.0,0.022366626536977772,0.022366626536977772
42.9110568916007,-85.8115554864438,42.9110569556836,-85.8115557169492,2023-01-12 14:55:10.399,2023-01-12 14:55:09.399,1.0,0.0201240027544072,0.0201240027544072
42.9110570125429,-85.8115553646849,42.9110568916007,-85.8115554864438,2023-01-12 14:55:11.399,2023-01-12 14:55:10.399,1.0,0.016714403987208772,0.016714403987208772
42.9110572273661,-85.8115551993948,42.9110570125429,-85.8115553646849,2023-01-12 14:55:12.399,2023-01-12 14:55:11.399,1.0,0.0274173805866548,0.0274173805866548
42.911057605799,-85.8115549572079,42.9110572273661,-85.8115551993948,2023-01-12 14:55:13.399,2023-01-12 14:55:12.399,1.0,0.046459845916071316,0.046459845916071316
42.9110578022404,-85.8115546573972,42.911057605799,-85.8115549572079,2023-01-12 14:55:14.399,2023-01-12 14:55:13.399,1.0,0.03279649981623932,0.03279649981623932
42.9110577849127,-85.8115542389654,42.9110578022404,-85.8115546573972,2023-01-12 14:55:15.399,2023-01-12 14:55:14.399,1.0,0.03422268517416214,0.03422268517416214
42.911057940528,-85.8115539812332,42.9110577849127,-85.8115542389654,2023-01-12 14:55:16.399,2023-01-12 14:55:15.399,1.0,0.027235844881979627,0.027235844881979627
42.9110579089603,-85.8115536935173,42.911057940528,-85.8115539812332,2023-01-12 14:55:17.399,2023-01-12 14:55:16.399,1.0,0.023754729189121245,0.023754729189121245
42.9110577496392,-85.8115534380713,42.9110579089603,-85.8115536935173,2023-01-12 14:55:18.399,2023-01-12 14:55:17.399,1.0,0.027356377130781418,0.027356377130781418
42.9110578060973,-85.8115530892611,42.9110577496392,-85.8115534380713,2023-01-12 14:55:19.399,2023-01-12 14:55:18.399,1.0,0.029165679669370812,0.029165679669370812
42.9110577301759,-85.8115528080614,42.9110578060973,-85.8115530892611,2023-01-12 14:55:20.399,2023-01-12 14:55:19.399,1.0,0.024462308000801493,0.024462308000801493
42.9110575641265,-85.8115525771617,42.9110577301759,-85.8115528080614,2023-01-12 14:55:21.399,2023-01-12 14:55:20.399,1.0,0.02637773342968893,0.02637773342968893
42.9110577309947,-85.8115525473302,42.9110575641265,-85.8115525771617,2023-01-12 14:55:22.399,2023-01-12 14:55:21.399,1.0,0.018696925935155824,0.018696925935155824
42.9110575908773,-85.8115523268557,42.9110577309947,-85.8115525473302,2023-01-12 14:55:23.399,2023-01-12 14:55:22.399,1.0,0.023799655902186617,0.023799655902186617
42.9110572932881,-85.8115520450894,42.9110575908773,-85.8115523268557,2023-01-12 14:55:24.399,2023-01-12 14:55:23.399,1.0,0.04027810170532945,0.04027810170532945
42.9110570907682,-85.8115519749763,42.9110572932881,-85.8115520450894,2023-01-12 14:55:25.399,2023-01-12 14:55:24.399,1.0,0.023215202747141502,0.023215202747141502
42.9110567168135,-85.8115518243783,42.9110570907682,-85.8115519749763,2023-01-12 14:55:26.399,2023-01-12 14:55:25.399,1.0,0.043324961698597446,0.043324961698597446
42.9110562710377,-85.8115516962369,42.9110567168135,-85.8115518243783,2023-01-12 14:55:27.399,2023-01-12 14:55:26.399,1.0,0.050615102225940144,0.050615102225940144
42.9110558120981,-85.8115514972265,42.9110562710377,-85.8115516962369,2023-01-12 14:55:28.399,2023-01-12 14:55:27.399,1.0,0.05351136115070956,0.05351136115070956
42.9110554272158,-85.8115513843417,42.9110558120981,-85.8115514972265,2023-01-12 14:55:29.399,2023-01-12 14:55:28.399,1.0,0.04373933360669867,0.04373933360669867
42.9110554764631,-85.811551473417,42.9110554272158,-85.8115513843417,2023-01-12 14:55:30.399,2023-01-12 14:55:29.399,1.0,0.009101570842068994,0.009101570842068994
42.9110554361042,-85.8115516049901,42.9110554764631,-85.811551473417,2023-01-12 14:55:31.399,2023-01-12 14:55:30.399,1.0,0.011642022897656779,0.011642022897656779
42.9110554292059,-85.811551677311,42.9110554361042,-85.8115516049901,2023-01-12 14:55:32.399,2023-01-12 14:55:31.399,1.0,0.005955129406575379,0.005955129406575379
42.9110554043975,-85.8115517627227,42.9110554292059,-85.811551677311,2023-01-12 14:55:33.399,2023-01-12 14:55:32.399,1.0,0.007499358745988657,0.007499358745988657
42.9110553192659,-85.811551836228,42.9110554043975,-85.8115517627227,2023-01-12 14:55:34.399,2023-01-12 14:55:33.399,1.0,0.011201319558262349,0.011201319558262349
42.9110551987222,-85.8115518850831,42.9110553192659,-85.811551836228,2023-01-12 14:55:35.399,2023-01-12 14:55:34.399,1.0,0.01397293929048587,0.01397293929048587
42.9110552750515,-85.8115519150222,42.9110551987222,-85.8115518850831,2023-01-12 14:55:36.399,2023-01-12 14:55:35.399,1.0,0.00882489967984356,0.00882489967984356
42.9110554305721,-85.8115520566011,42.9110552750515,-85.8115519150222,2023-01-12 14:55:37.399,2023-01-12 14:55:36.399,1.0,0.020788268526136695,0.020788268526136695
42.911055564701,-85.8115522117623,42.9110554305721,-85.8115520566011,2023-01-12 14:55:38.399,2023-01-12 14:55:37.399,1.0,0.01955914176657703,0.01955914176657703
42.9110556148423,-85.8115523613532,42.911055564701,-85.8115522117623,2023-01-12 14:55:39.399,2023-01-12 14:55:38.399,1.0,0.013425453411657578,0.013425453411657578
42.9110558601337,-85.8115524292881,42.9110556148423,-85.8115523613532,2023-01-12 14:55:40.399,2023-01-12 14:55:39.399,1.0,0.027808608371609457,0.027808608371609457
42.9110560207267,-85.8115525556254,42.9110558601337,-85.8115524292881,2023-01-12 14:55:41.399,2023-01-12 14:55:40.399,1.0,0.020608532946966532,0.020608532946966532
42.91105619892,-85.8115527113472,42.9110560207267,-85.8115525556254,2023-01-12 14:55:42.399,2023-01-12 14:55:41.399,1.0,0.023527972222168275,0.023527972222168275
42.9110562838707,-85.8115529711119,42.91105619892,-85.8115527113472,2023-01-12 14:55:43.399,2023-01-12 14:55:42.399,1.0,0.023216597196410428,0.023216597196410428
42.9110566520815,-85.8115531965757,42.9110562838707,-85.8115529711119,2023-01-12 14:55:44.399,2023-01-12 14:55:43.399,1.0,0.04485730254421524,0.04485730254421524
42.9110567384688,-85.8115534210149,42.9110566520815,-85.8115531965757,2023-01-12 14:55:45.399,2023-01-12 14:55:44.399,1.0,0.020687964493045528,0.020687964493045528
42.9110567069787,-85.8115536534096,42.9110567384688,-85.8115534210149,2023-01-12 14:55:46.399,2023-01-12 14:55:45.399,1.0,0.01929674439479155,0.01929674439479155
42.9110568060753,-85.8115538167067,42.9110567069787,-85.8115536534096,2023-01-12 14:55:47.399,2023-01-12 14:55:46.399,1.0,0.017291725615215837,0.017291725615215837
42.9110568576631,-85.81155391382,42.9110568060753,-85.8115538167067,2023-01-12 14:55:48.399,2023-01-12 14:55:47.399,1.0,0.009784199307974169,0.009784199307974169
42.9110569058002,-85.8115541263599,42.9110568576631,-85.81155391382,2023-01-12 14:55:49.399,2023-01-12 14:55:48.399,1.0,0.01816085375150712,0.01816085375150712
42.9110570156647,-85.811554424719,42.9110569058002,-85.8115541263599,2023-01-12 14:55:50.399,2023-01-12 14:55:49.399,1.0,0.02724965495065852,0.02724965495065852
42.9110570678658,-85.8115545372636,42.9110570156647,-85.811554424719,2023-01-12 14:55:51.399,2023-01-12 14:55:50.399,1.0,0.010866894929824246,0.010866894929824246
42.9110568929377,-85.8115545495169,42.9110570678658,-85.8115545372636,2023-01-12 14:55:52.399,2023-01-12 14:55:51.399,1.0,0.019458680966578035,0.019458680966578035
42.9110567717171,-85.8115545205423,42.9110568929377,-85.8115545495169,2023-01-12 14:55:53.399,2023-01-12 14:55:52.399,1.0,0.013672789776399297,0.013672789776399297
42.9110565946465,-85.8115545203449,42.9110567717171,-85.8115545205423,2023-01-12 14:55:54.399,2023-01-12 14:55:53.399,1.0,0.019670957071445283,0.019670957071445283
42.9110561736279,-85.8115545326833,42.9110565946465,-85.8115545203449,2023-01-12 14:55:55.399,2023-01-12 14:55:54.399,1.0,0.046782229798018334,0.046782229798018334
42.9110557824016,-85.8115546934853,42.9110561736279,-85.8115545326833,2023-01-12 14:55:56.399,2023-01-12 14:55:55.399,1.0,0.04540198698527265,0.04540198698527265
42.9110552897727,-85.8115547951219,42.9110557824016,-85.8115546934853,2023-01-12 14:55:57.399,2023-01-12 14:55:56.399,1.0,0.055352386320045535,0.055352386320045535
42.9110548423923,-85.8115550507435,42.9110552897727,-85.8115547951219,2023-01-12 14:55:58.399,2023-01-12 14:55:57.399,1.0,0.05390541660693107,0.05390541660693107
42.9110543450566,-85.8115552269514,42.9110548423923,-85.8115550507435,2023-01-12 14:55:59.399,2023-01-12 14:55:58.399,1.0,0.05709246318924829,0.05709246318924829
42.9110539985785,-85.8115554706134,42.9110543450566,-85.8115552269514,2023-01-12 14:56:00.399,2023-01-12 14:55:59.399,1.0,0.04332919951352839,0.04332919951352839
42.9110535006878,-85.8115556225636,42.9110539985785,-85.8115554706134,2023-01-12 14:56:01.399,2023-01-12 14:56:00.399,1.0,0.0566858493084802,0.0566858493084802
42.9110528610325,-85.8115558141348,42.9110535006878,-85.8115556225636,2023-01-12 14:56:02.399,2023-01-12 14:56:01.399,1.0,0.07276147940274943,0.07276147940274943
42.9110523089471,-85.8115560647698,42.9110528610325,-85.8115558141348,2023-01-12 14:56:03.399,2023-01-12 14:56:02.399,1.0,0.06465645081297247,0.06465645081297247
42.9110519456838,-85.8115562957562,42.9110523089471,-85.8115560647698,2023-01-12 14:56:04.399,2023-01-12 14:56:03.399,1.0,0.04454575143633436,0.04454575143633436
42.9110515927872,-85.8115564080587,42.9110519456838,-85.8115562957562,2023-01-12 14:56:05.399,2023-01-12 14:56:04.399,1.0,0.040261922470544005,0.040261922470544005
42.9110514527177,-85.8115565945199,42.9110515927872,-85.8115564080587,2023-01-12 14:56:06.399,2023-01-12 14:56:05.399,1.0,0.02177069796885122,0.02177069796885122
42.9110509893886,-85.8115565491785,42.9110514527177,-85.8115565945199,2023-01-12 14:56:07.399,2023-01-12 14:56:06.399,1.0,0.05160468957400149,0.05160468957400149
42.9110507778438,-85.8115565681737,42.9110509893886,-85.8115565491785,2023-01-12 14:56:08.399,2023-01-12 14:56:07.399,1.0,0.02355185712590891,0.02355185712590891
42.911050465034,-85.8115566033832,42.9110507778438,-85.8115565681737,2023-01-12 14:56:09.399,2023-01-12 14:56:08.399,1.0,0.03486909307880427,0.03486909307880427
42.911050332003,-85.8115567013856,42.911050465034,-85.8115566033832,2023-01-12 14:56:10.399,2023-01-12 14:56:09.399,1.0,0.016806222676507904,0.016806222676507904
42.9110504419833,-85.8115567346671,42.911050332003,-85.8115567013856,2023-01-12 14:56:11.399,2023-01-12 14:56:10.399,1.0,0.012516436349133618,0.012516436349133618
42.9110503782682,-85.8115567056443,42.9110504419833,-85.8115567346671,2023-01-12 14:56:12.399,2023-01-12 14:56:11.399,1.0,0.007464399612142018,0.007464399612142018
42.9110504109951,-85.8115567697597,42.9110503782682,-85.8115567056443,2023-01-12 14:56:13.399,2023-01-12 14:56:12.399,1.0,0.006374105153958531,0.006374105153958531
42.9110506230507,-85.8115569129994,42.9110504109951,-85.8115567697597,2023-01-12 14:56:14.399,2023-01-12 14:56:13.399,1.0,0.026301481748048364,0.026301481748048364
42.9110507467802,-85.8115571349993,42.9110506230507,-85.8115569129994,2023-01-12 14:56:15.399,2023-01-12 14:56:14.399,1.0,0.022749995746148246,0.022749995746148246
42.9110509475435,-85.811557495491,42.9110507467802,-85.8115571349993,2023-01-12 14:56:16.399,2023-01-12 14:56:15.399,1.0,0.036932003722928916,0.036932003722928916
42.9110508748727,-85.8115578207798,42.9110509475435,-85.811557495491,2023-01-12 14:56:17.399,2023-01-12 14:56:16.399,1.0,0.027762308725957034,0.027762308725957034
42.9110506874152,-85.8115580204451,42.9110508748727,-85.8115578207798,2023-01-12 14:56:18.400,2023-01-12 14:56:17.399,1.001,0.026448184851059875,0.026421763087971905
42.9110505843958,-85.8115581359532,42.9110506874152,-85.8115580204451,2023-01-12 14:56:19.400,2023-01-12 14:56:18.400,1.0,0.014830506695516856,0.014830506695516856
42.911050779188,-85.8115583655399,42.9110505843958,-85.8115581359532,2023-01-12 14:56:20.400,2023-01-12 14:56:19.400,1.0,0.028631299094353625,0.028631299094353625
42.9110511952207,-85.8115587369592,42.911050779188,-85.8115583655399,2023-01-12 14:56:21.400,2023-01-12 14:56:20.400,1.0,0.05528053286132479,0.05528053286132479
42.9110512063056,-85.8115588112215,42.9110511952207,-85.8115587369592,2023-01-12 14:56:22.400,2023-01-12 14:56:21.400,1.0,0.006187916637707861,0.006187916637707861
42.9110512060355,-85.8115591168752,42.9110512063056,-85.8115588112215,2023-01-12 14:56:23.400,2023-01-12 14:56:22.400,1.0,0.024959237708811276,0.024959237708811276
42.911051257755,-85.8115592198382,42.9110512060355,-85.8115591168752,2023-01-12 14:56:24.400,2023-01-12 14:56:23.400,1.0,0.010183453506239382,0.010183453506239382
42.9110519105116,-85.8115594987686,42.911051257755,-85.8115592198382,2023-01-12 14:56:25.400,2023-01-12 14:56:24.400,1.0,0.07600838521389439,0.07600838521389439
42.9110519988778,-85.811559702849,42.9110519105116,-85.8115594987686,2023-01-12 14:56:26.400,2023-01-12 14:56:25.400,1.0,0.01934130753989244,0.01934130753989244
42.9110519786104,-85.8115598692109,42.9110519988778,-85.811559702849,2023-01-12 14:56:27.400,2023-01-12 14:56:26.400,1.0,0.013770178856358048,0.013770178856358048
42.9110519110193,-85.8115600756066,42.9110519786104,-85.8115598692109,2023-01-12 14:56:28.400,2023-01-12 14:56:27.400,1.0,0.01845094901634156,0.01845094901634156
42.911051725299,-85.8115601512651,42.9110519110193,-85.8115600756066,2023-01-12 14:56:29.400,2023-01-12 14:56:28.400,1.0,0.021537016645477535,0.021537016645477535
42.9110518622693,-85.8115603226354,42.911051725299,-85.8115601512651,2023-01-12 14:56:30.400,2023-01-12 14:56:29.400,1.0,0.020672671216084786,0.020672671216084786
42.9110517641149,-85.8115604125471,42.9110518622693,-85.8115603226354,2023-01-12 14:56:31.400,2023-01-12 14:56:30.400,1.0,0.013145513399745387,0.013145513399745387
42.91105163476,-85.8115604349325,42.9110517641149,-85.8115604125471,2023-01-12 14:56:32.400,2023-01-12 14:56:31.400,1.0,0.014485961382051571,0.014485961382051571
