time,lat,long,elevation,accuracy,bearing,speed,satellites,provider,hdop,vdop,pdop,geoidheight,ageofdgpsdata,dgpsid,activity,battery,annotation,timestamp_ms,time_offset,distance,starttimestamp_ms,profile_name,battery_charging
2023-03-18T04:00:00.643Z,43.2530402,-79.9200829,63.2000007629394,15.256,,,0,network,,,,,,,,16,,1679112000643,2023-03-18T00:00:00.643-04:00,4067.68208310822,1679057928579,Default Profile,FALSE
2023-03-18T04:01:01.819Z,43.2530487,-79.9200733,63.2000007629394,16.83,,,0,network,,,,,,,,16,,1679112061819,2023-03-18T00:01:01.819-04:00,4068.90592575386,1679057928579,Default Profile,FALSE
2023-03-18T04:02:03.082Z,43.253056,-79.9200965,63.2000007629394,17.816,,,0,network,,,,,,,,16,,1679112123082,2023-03-18T00:02:03.082-04:00,4070.95266996791,1679057928579,Default Profile,FALSE
2023-03-18T04:03:04.231Z,43.253043,-79.9200822,63.2000007629394,15.513,,,0,network,,,,,,,,16,,1679112184231,2023-03-18T00:03:04.231-04:00,4072.8049119358,1679057928579,Default Profile,FALSE
2023-03-18T04:04:05.466Z,43.2530291,-79.9200671,63.4000015258789,15.662,,,0,network,,,,,,,,15,,1679112245466,2023-03-18T00:04:05.466-04:00,4074.77580171702,1679057928579,Default Profile,FALSE
2023-03-18T04:05:06.652Z,43.2530711,-79.9200973,63.2000007629394,15.067,,,0,network,,,,,,,,15,,1679112306652,2023-03-18T00:05:06.652-04:00,4080.04767373335,1679057928579,Default Profile,FALSE
2023-03-18T04:06:07.870Z,43.2530501,-79.920088,63.4000015258789,22.715,,,0,network,,,,,,,,15,,1679112367870,2023-03-18T00:06:07.870-04:00,4082.5012306273,1679057928579,Default Profile,FALSE
2023-03-18T04:07:09.134Z,43.253052,-79.9200735,63.2000007629394,18.903,,,0,network,,,,,,,,15,,1679112429134,2023-03-18T00:07:09.134-04:00,4083.69439702298,1679057928579,Default Profile,FALSE
2023-03-18T04:08:10.360Z,43.25303,-79.9200777,63.4000015258789,18.621,,,0,network,,,,,,,,15,,1679112490360,2023-03-18T00:08:10.360-04:00,4086.16422010974,1679057928579,Default Profile,FALSE
2023-03-18T04:09:11.515Z,43.253014,-79.9200483,63.4000015258789,20.088,,,0,network,,,,,,,,14,,1679112551515,2023-03-18T00:09:11.515-04:00,4089.13651364727,1679057928579,Default Profile,FALSE
2023-03-18T04:10:12.742Z,43.2530276,-79.9200801,63.4000015258789,24.204,,,0,network,,,,,,,,14,,1679112612742,2023-03-18T00:10:12.742-04:00,4092.12307389172,1679057928579,Default Profile,FALSE
2023-03-18T04:11:13.607Z,43.2530621,-79.9200653,63,20.359,,,0,network,,,,,,,,14,,1679112673607,2023-03-18T00:11:13.607-04:00,4096.14218896955,1679057928579,Default Profile,FALSE
2023-03-18T04:12:14.884Z,43.25302,-79.9200594,63.4000015258789,18.213,,,0,network,,,,,,,,14,,1679112734884,2023-03-18T00:12:14.884-04:00,4100.84781809473,1679057928579,Default Profile,FALSE
2023-03-18T04:13:15.711Z,43.2530038,-79.9200428,63.4000015258789,20,,,0,network,,,,,,,,14,,1679112795711,2023-03-18T00:13:15.711-04:00,4103.09554263252,1679057928579,Default Profile,FALSE
2023-03-18T04:14:16.672Z,43.2530417,-79.9200753,63.2000007629394,25.509,,,0,network,,,,,,,,14,,1679112856672,2023-03-18T00:14:16.672-04:00,4108.06425236186,1679057928579,Default Profile,FALSE
2023-03-18T04:15:18.037Z,43.2530699,-79.9201049,63.2000007629394,14.171,,,0,network,,,,,,,,13,,1679112918037,2023-03-18T00:15:18.037-04:00,4112.01130812078,1679057928579,Default Profile,FALSE
2023-03-18T04:16:19.228Z,43.2530649,-79.9200953,63.2000007629394,20.959,,,0,network,,,,,,,,13,,1679112979228,2023-03-18T00:16:19.228-04:00,4112.96712015123,1679057928579,Default Profile,FALSE
2023-03-18T04:17:20.401Z,43.2530396,-79.9200839,63.2000007629394,17.777,,,0,network,,,,,,,,13,,1679113040401,2023-03-18T00:17:20.401-04:00,4115.92797614671,1679057928579,Default Profile,FALSE
2023-03-18T04:18:21.616Z,43.2530196,-79.9200522,63.2000007629394,16.771,,,0,network,,,,,,,,13,,1679113101616,2023-03-18T00:18:21.616-04:00,4119.32454981045,1679057928579,Default Profile,FALSE
2023-03-18T04:19:22.764Z,43.2530524,-79.9200912,63.2000007629394,15.521,,,0,network,,,,,,,,13,,1679113162764,2023-03-18T00:19:22.764-04:00,4124.14929110343,1679057928579,Default Profile,FALSE
2023-03-18T04:20:23.947Z,43.2530462,-79.9200839,63.2000007629394,16.204,,,0,network,,,,,,,,13,,1679113223947,2023-03-18T00:20:23.947-04:00,4125.05748078119,1679057928579,Default Profile,FALSE
2023-03-18T04:21:25.115Z,43.2530472,-79.9200787,63.2000007629394,16.119,,,0,network,,,,,,,,12,,1679113285115,2023-03-18T00:21:25.115-04:00,4125.49304624085,1679057928579,Default Profile,FALSE
2023-03-18T04:22:26.314Z,43.2530522,-79.9200962,63.2000007629394,19.46,,,0,network,,,,,,,,12,,1679113346314,2023-03-18T00:22:26.314-04:00,4127.01547001498,1679057928579,Default Profile,FALSE
2023-03-18T04:23:27.517Z,43.2530452,-79.9200819,63.2000007629394,18.078,,,0,network,,,,,,,,12,,1679113407517,2023-03-18T00:23:27.517-04:00,4128.410849152,1679057928579,Default Profile,FALSE
2023-03-18T04:24:28.796Z,43.2530376,-79.9200868,63.4000015258789,20.9,,,0,network,,,,,,,,12,,1679113468796,2023-03-18T00:24:28.796-04:00,4129.34446691683,1679057928579,Default Profile,FALSE
2023-03-18T04:25:29.985Z,43.2530399,-79.9200921,63.2000007629394,25.488,,,0,network,,,,,,,,12,,1679113529985,2023-03-18T00:25:29.985-04:00,4129.84411386446,1679057928579,Default Profile,FALSE
2023-03-18T04:26:31.207Z,43.2530407,-79.9200707,63.2000007629394,20.014,,,0,network,,,,,,,,11,,1679113591207,2023-03-18T00:26:31.207-04:00,4131.57951951268,1679057928579,Default Profile,FALSE
2023-03-18T04:27:32.363Z,43.2530403,-79.92008,63.2000007629394,16.095,,,0,network,,,,,,,,11,,1679113652363,2023-03-18T00:27:32.363-04:00,4132.33401181537,1679057928579,Default Profile,FALSE
2023-03-18T04:28:33.542Z,43.2530469,-79.9200884,63.2000007629394,17.006,,,0,network,,,,,,,,11,,1679113713542,2023-03-18T00:28:33.542-04:00,4133.33470469475,1679057928579,Default Profile,FALSE
2023-03-18T04:29:34.713Z,43.2530292,-79.9200722,63.4000015258789,18.589,,,0,network,,,,,,,,11,,1679113774713,2023-03-18T00:29:34.713-04:00,4135.70006647622,1679057928579,Default Profile,FALSE
2023-03-18T04:30:35.885Z,43.2530368,-79.9200791,63.4000015258789,16.907,,,0,network,,,,,,,,11,,1679113835885,2023-03-18T00:30:35.885-04:00,4136.7131965494,1679057928579,Default Profile,FALSE
2023-03-18T04:31:37.064Z,43.2530316,-79.92008,63.2000007629394,23.6,,,0,network,,,,,,,,11,,1679113897064,2023-03-18T00:31:37.064-04:00,4137.29598614142,1679057928579,Default Profile,FALSE
2023-03-18T04:32:38.262Z,43.253098,-79.9201029,63.2000007629394,20.449,,,0,network,,,,,,,,10,,1679113958262,2023-03-18T00:32:38.262-04:00,4144.9086934353,1679057928579,Default Profile,FALSE
2023-03-18T04:33:39.463Z,43.2530324,-79.9200777,63.4000015258789,18.88,,,0,network,,,,,,,,10,,1679114019463,2023-03-18T00:33:39.463-04:00,4152.4832068113,1679057928579,Default Profile,FALSE
2023-03-18T04:34:40.632Z,43.2530557,-79.9200842,63.2000007629394,15.376,,,0,network,,,,,,,,10,,1679114080632,2023-03-18T00:34:40.632-04:00,4155.12698728732,1679057928579,Default Profile,FALSE
2023-03-18T04:35:41.823Z,43.2530636,-79.9201002,63.2000007629394,15.983,,,0,network,,,,,,,,10,,1679114141823,2023-03-18T00:35:41.823-04:00,4156.69247035753,1679057928579,Default Profile,FALSE
2023-03-18T04:36:42.965Z,43.253072,-79.9201253,63.2000007629394,16.766,,,0,network,,,,,,,,10,,1679114202965,2023-03-18T00:36:42.965-04:00,4158.92956727419,1679057928579,Default Profile,FALSE
2023-03-18T04:37:44.169Z,43.2530311,-79.9200757,63.2000007629394,17.32,,,0,network,,,,,,,,9,,1679114264169,2023-03-18T00:37:44.169-04:00,4164.99744273997,1679057928579,Default Profile,FALSE
2023-03-18T04:38:46.137Z,43.2530491,-79.9200837,63.4000015258789,20.8,,,0,network,,,,,,,,9,,1679114326137,2023-03-18T00:38:46.137-04:00,4167.10120304038,1679057928579,Default Profile,FALSE
2023-03-18T04:39:47.456Z,43.2530359,-79.9200801,63.4000015258789,23.755,,,0,network,,,,,,,,9,,1679114387456,2023-03-18T00:39:47.456-04:00,4168.59765256265,1679057928579,Default Profile,FALSE
2023-03-18T04:40:48.693Z,43.2530808,-79.9200904,63.2000007629394,26.797,,,0,network,,,,,,,,9,,1679114448693,2023-03-18T00:40:48.693-04:00,4173.65951098369,1679057928579,Default Profile,FALSE
2023-03-18T04:41:49.844Z,43.2530775,-79.9200948,63.2000007629394,20.287,,,0,network,,,,,,,,9,,1679114509844,2023-03-18T00:41:49.844-04:00,4174.17100657438,1679057928579,Default Profile,FALSE
2023-03-18T04:42:51.041Z,43.253041,-79.920087,63.2000007629394,15.379,,,0,network,,,,,,,,9,,1679114571041,2023-03-18T00:42:51.041-04:00,4178.27848734378,1679057928579,Default Profile,FALSE
2023-03-18T04:43:52.236Z,43.2530787,-79.9200972,63.2000007629394,18.482,,,0,network,,,,,,,,9,,1679114632236,2023-03-18T00:43:52.236-04:00,4182.55115178406,1679057928579,Default Profile,FALSE
2023-03-18T04:44:53.474Z,43.253051,-79.9200929,63.2000007629394,17.102,,,0,network,,,,,,,,8,,1679114693474,2023-03-18T00:44:53.474-04:00,4185.65087547038,1679057928579,Default Profile,FALSE
2023-03-18T04:45:54.720Z,43.2530545,-79.9201018,63.2000007629394,17.834,,,0,network,,,,,,,,8,,1679114754720,2023-03-18T00:45:54.720-04:00,4186.47001774771,1679057928579,Default Profile,FALSE
2023-03-18T04:46:55.961Z,43.253019,-79.9200587,63.4000015258789,14.464,,,0,network,,,,,,,,8,,1679114815961,2023-03-18T00:46:55.961-04:00,4191.73936560445,1679057928579,Default Profile,FALSE
2023-03-18T04:47:57.172Z,43.253042,-79.9200841,63.2000007629394,18.642,,,0,network,,,,,,,,8,,1679114877172,2023-03-18T00:47:57.172-04:00,4195.02147929712,1679057928579,Default Profile,FALSE
2023-03-18T04:48:58.359Z,43.2530346,-79.9200652,63.2000007629394,13.99,,,0,network,,,,,,,,8,,1679114938359,2023-03-18T00:48:58.359-04:00,4196.75928798158,1679057928579,Default Profile,FALSE
2023-03-18T04:49:59.566Z,43.2530066,-79.9200386,63.4000015258789,12.846,,,0,network,,,,,,,,8,,1679114999566,2023-03-18T00:49:59.566-04:00,4200.54537402973,1679057928579,Default Profile,FALSE
2023-03-18T04:51:00.664Z,43.253006,-79.9200423,63.4000015258789,11.805,,,0,network,,,,,,,,8,,1679115060664,2023-03-18T00:51:00.664-04:00,4200.85236387643,1679057928579,Default Profile,FALSE
2023-03-18T04:53:13.464Z,43.2530025,-79.9200508,63.4000015258789,14.474,,,0,network,,,,,,,,7,,1679115193464,2023-03-18T00:53:13.464-04:00,4201.64315133961,1679057928579,Default Profile,FALSE
2023-03-18T04:54:14.288Z,43.2529992,-79.9200474,63.4000015258789,13.754,,,0,network,,,,,,,,8,,1679115254288,2023-03-18T00:54:14.288-04:00,4202.10191978037,1679057928579,Default Profile,TRUE
2023-03-18T04:55:15.143Z,43.2530076,-79.9200443,63.4000015258789,12.23,,,0,network,,,,,,,,10,,1679115315143,2023-03-18T00:55:15.143-04:00,4203.06911007205,1679057928579,Default Profile,TRUE
2023-03-18T04:56:16.004Z,43.253002,-79.920041,63.4000015258789,12.434,,,0,network,,,,,,,,12,,1679115376004,2023-03-18T00:56:16.004-04:00,4203.74673198419,1679057928579,Default Profile,TRUE
2023-03-18T04:57:16.948Z,43.2529993,-79.9200438,63.4000015258789,14.854,,,0,network,,,,,,,,13,,1679115436948,2023-03-18T00:57:16.948-04:00,4204.12297362765,1679057928579,Default Profile,TRUE
2023-03-18T04:58:17.764Z,43.2530023,-79.9200411,63.4000015258789,12.813,,,0,network,,,,,,,,15,,1679115497764,2023-03-18T00:58:17.764-04:00,4204.52183869244,1679057928579,Default Profile,TRUE
2023-03-18T04:59:18.633Z,43.2529969,-79.9200425,63.4000015258789,20,,,0,network,,,,,,,,16,,1679115558633,2023-03-18T00:59:18.633-04:00,4205.13290236752,1679057928579,Default Profile,TRUE
2023-03-18T05:00:19.476Z,43.2529988,-79.9200395,63.4000015258789,20,,,0,network,,,,,,,,18,,1679115619476,2023-03-18T01:00:19.476-04:00,4205.45487357815,1679057928579,Default Profile,TRUE
2023-03-18T05:01:20.679Z,43.2530094,-79.9200459,63.4000015258789,14.563,,,0,network,,,,,,,,19,,1679115680679,2023-03-18T01:01:20.679-04:00,4206.74247112528,1679057928579,Default Profile,TRUE
2023-03-18T05:02:21.630Z,43.2530032,-79.9200481,63.4000015258789,13.218,,,0,network,,,,,,,,21,,1679115741630,2023-03-18T01:02:21.630-04:00,4207.45453103472,1679057928579,Default Profile,TRUE
2023-03-18T05:03:22.771Z,43.2529976,-79.920049,63.4000015258789,20,,,0,network,,,,,,,,22,,1679115802771,2023-03-18T01:03:22.771-04:00,4208.08147404781,1679057928579,Default Profile,TRUE
2023-03-18T05:04:23.703Z,43.2529992,-79.9200454,63.4000015258789,14.115,,,0,network,,,,,,,,24,,1679115863703,2023-03-18T01:04:23.703-04:00,4208.42302384178,1679057928579,Default Profile,TRUE
2023-03-18T05:05:24.602Z,43.253,-79.9200425,63.4000015258789,12.406,,,0,network,,,,,,,,25,,1679115924602,2023-03-18T01:05:24.602-04:00,4208.67416859782,1679057928579,Default Profile,TRUE
2023-03-18T05:06:25.621Z,43.252999,-79.9200437,63.4000015258789,13.767,,,0,network,,,,,,,,27,,1679115985621,2023-03-18T01:06:25.621-04:00,4208.82184783944,1679057928579,Default Profile,TRUE
2023-03-18T05:07:26.599Z,43.253002,-79.9200507,63.4000015258789,15.268,,,0,network,,,,,,,,28,,1679116046599,2023-03-18T01:07:26.599-04:00,4209.47962131299,1679057928579,Default Profile,TRUE
2023-03-18T05:08:27.756Z,43.2529993,-79.9200417,63.4000015258789,12.814,,,0,network,,,,,,,,30,,1679116107756,2023-03-18T01:08:27.756-04:00,4210.26791595553,1679057928579,Default Profile,TRUE
2023-03-18T05:09:28.602Z,43.2529967,-79.9200375,63.4000015258789,20,,,0,network,,,,,,,,31,,1679116168602,2023-03-18T01:09:28.602-04:00,4210.71432622129,1679057928579,Default Profile,TRUE
2023-03-18T05:10:29.430Z,43.2530011,-79.9200381,63.4000015258789,11.603,,,0,network,,,,,,,,33,,1679116229430,2023-03-18T01:10:29.430-04:00,4211.20599103252,1679057928579,Default Profile,TRUE
2023-03-18T05:11:30.232Z,43.2530058,-79.9200417,63.4000015258789,13.142,,,0,network,,,,,,,,34,,1679116290232,2023-03-18T01:11:30.232-04:00,4211.80443171903,1679057928579,Default Profile,TRUE
2023-03-18T05:12:31.175Z,43.2530014,-79.92005,63.4000015258789,15.633,,,0,network,,,,,,,,35,,1679116351175,2023-03-18T01:12:31.175-04:00,4212.63582639449,1679057928579,Default Profile,TRUE
2023-03-18T05:13:32.155Z,43.2529975,-79.9200524,63.4000015258789,19.807,,,0,network,,,,,,,,37,,1679116412155,2023-03-18T01:13:32.155-04:00,4213.11105325453,1679057928579,Default Profile,TRUE
2023-03-18T05:14:33.204Z,43.2529981,-79.9200443,63.4000015258789,13.807,,,0,network,,,,,,,,38,,1679116473204,2023-03-18T01:14:33.204-04:00,4213.77043327166,1679057928579,Default Profile,TRUE
2023-03-18T05:15:34.083Z,43.2529964,-79.9200413,63.4000015258789,20,,,0,network,,,,,,,,39,,1679116534083,2023-03-18T01:15:34.083-04:00,4214.07826952303,1679057928579,Default Profile,TRUE
2023-03-18T05:16:35.094Z,43.2530061,-79.9200443,63.4000015258789,15.242,,,0,network,,,,,,,,40,,1679116595094,2023-03-18T01:16:35.094-04:00,4215.18388626403,1679057928579,Default Profile,TRUE
2023-03-18T05:17:36.052Z,43.2530026,-79.920042,63.4000015258789,12.173,,,0,network,,,,,,,,42,,1679116656052,2023-03-18T01:17:36.052-04:00,4215.61534832141,1679057928579,Default Profile,TRUE
2023-03-18T05:18:37.761Z,43.2530162,-79.9200728,63.4000015258789,15.392,,,0,network,,,,,,,,43,,1679116717761,2023-03-18T01:18:37.761-04:00,4218.53235984551,1679057928579,Default Profile,TRUE
2023-03-18T05:19:38.711Z,43.2530077,-79.9200488,63.4000015258789,16.179,,,0,network,,,,,,,,44,,1679116778711,2023-03-18T01:19:38.711-04:00,4220.69366932806,1679057928579,Default Profile,TRUE
2023-03-18T05:20:39.606Z,43.2530024,-79.9200474,63.4000015258789,16.318,,,0,network,,,,,,,,45,,1679116839606,2023-03-18T01:20:39.606-04:00,4221.29381014426,1679057928579,Default Profile,TRUE
2023-03-18T05:21:40.792Z,43.2530002,-79.9200417,63.4000015258789,13.082,,,0,network,,,,,,,,47,,1679116900792,2023-03-18T01:21:40.792-04:00,4221.81624924231,1679057928579,Default Profile,TRUE
2023-03-18T05:22:41.718Z,43.2529978,-79.9200423,63.4000015258789,20,,,0,network,,,,,,,,48,,1679116961718,2023-03-18T01:22:41.718-04:00,4222.08750492837,1679057928579,Default Profile,TRUE
2023-03-18T05:23:42.508Z,43.2530045,-79.9200405,63.4000015258789,11.609,,,0,network,,,,,,,,49,,1679117022508,2023-03-18T01:23:42.508-04:00,4222.84663920962,1679057928579,Default Profile,TRUE
2023-03-18T05:24:43.421Z,43.2530099,-79.9200559,63.4000015258789,14.731,,,0,network,,,,,,,,50,,1679117083421,2023-03-18T01:24:43.421-04:00,4224.23085621757,1679057928579,Default Profile,TRUE
2023-03-18T05:25:44.337Z,43.2530029,-79.9200374,63.4000015258789,20,,,0,network,,,,,,,,51,,1679117144337,2023-03-18T01:25:44.337-04:00,4225.91924053422,1679057928579,Default Profile,TRUE
2023-03-18T05:26:45.156Z,43.2530087,-79.9200556,63.4000015258789,14.958,,,0,network,,,,,,,,52,,1679117205156,2023-03-18T01:26:45.156-04:00,4227.5281258964,1679057928579,Default Profile,TRUE
2023-03-18T05:27:46.098Z,43.2529978,-79.9200382,63.4000015258789,20,,,0,network,,,,,,,,52,,1679117266098,2023-03-18T01:27:46.098-04:00,4229.38683046197,1679057928579,Default Profile,TRUE
2023-03-18T05:28:46.982Z,43.2529985,-79.9200465,63.4000015258789,20,,,0,network,,,,,,,,54,,1679117326982,2023-03-18T01:28:46.982-04:00,4230.06351548895,1679057928579,Default Profile,TRUE
2023-03-18T05:29:48.736Z,43.2529977,-79.9200551,63.4000015258789,20.635,,,0,network,,,,,,,,56,,1679117388736,2023-03-18T01:29:48.736-04:00,4230.76566291342,1679057928579,Default Profile,TRUE
2023-03-18T05:30:49.765Z,43.2529993,-79.9200438,63.4000015258789,13.473,,,0,network,,,,,,,,57,,1679117449765,2023-03-18T01:30:49.765-04:00,4231.69795113793,1679057928579,Default Profile,TRUE
2023-03-18T05:31:50.668Z,43.253,-79.9200449,63.4000015258789,18.878,,,0,network,,,,,,,,58,,1679117510668,2023-03-18T01:31:50.668-04:00,4231.816250789,1679057928579,Default Profile,TRUE
2023-03-18T05:32:51.610Z,43.2529984,-79.9200432,63.4000015258789,20,,,0,network,,,,,,,,58,,1679117571610,2023-03-18T01:32:51.610-04:00,4232.04121283195,1679057928579,Default Profile,TRUE
2023-03-18T05:33:52.508Z,43.2530018,-79.9200422,63.4000015258789,12.319,,,0,network,,,,,,,,60,,1679117632508,2023-03-18T01:33:52.508-04:00,4232.42785266996,1679057928579,Default Profile,TRUE
2023-03-18T05:34:53.773Z,43.2529935,-79.9200487,63.4000015258789,17.531,,,0,network,,,,,,,,62,,1679117693773,2023-03-18T01:34:53.773-04:00,4233.49034590639,1679057928579,Default Profile,TRUE
2023-03-18T05:35:54.818Z,43.2529858,-79.9200417,63.4000015258789,20,,,0,network,,,,,,,,63,,1679117754818,2023-03-18T01:35:54.818-04:00,4234.51721848496,1679057928579,Default Profile,TRUE
2023-03-18T05:36:55.647Z,43.2530015,-79.9200505,63.4000015258789,17.402,,,0,network,,,,,,,,64,,1679117815647,2023-03-18T01:36:55.647-04:00,4236.40284892707,1679057928579,Default Profile,TRUE
2023-03-18T05:37:56.746Z,43.2530072,-79.9200466,63.4000015258789,15.35,,,0,network,,,,,,,,65,,1679117876746,2023-03-18T01:37:56.746-04:00,4237.11099980413,1679057928579,Default Profile,TRUE
2023-03-18T05:38:57.519Z,43.2530042,-79.9200619,63.4000015258789,15.444,,,0,network,,,,,,,,66,,1679117937519,2023-03-18T01:38:57.519-04:00,4238.39422090417,1679057928579,Default Profile,TRUE
2023-03-18T05:39:58.328Z,43.2530007,-79.920048,63.4000015258789,15.699,,,0,network,,,,,,,,68,,1679117998328,2023-03-18T01:39:58.328-04:00,4239.58531783203,1679057928579,Default Profile,TRUE
2023-03-18T05:40:59.088Z,43.2530031,-79.9200529,63.4000015258789,16.073,,,0,network,,,,,,,,68,,1679118059088,2023-03-18T01:40:59.088-04:00,4240.06354176011,1679057928579,Default Profile,FALSE
2023-03-18T05:41:59.910Z,43.2530005,-79.9200502,63.4000015258789,15.515,,,0,network,,,,,,,,68,,1679118119910,2023-03-18T01:41:59.910-04:00,4240.42602938785,1679057928579,Default Profile,FALSE
2023-03-18T05:43:00.756Z,43.2530045,-79.9200439,63.4000015258789,15.151,,,0,network,,,,,,,,68,,1679118180756,2023-03-18T01:43:00.756-04:00,4241.10289905904,1679057928579,Default Profile,FALSE
2023-03-18T05:44:01.562Z,43.2529992,-79.9200401,63.4000015258789,20,,,0,network,,,,,,,,68,,1679118241562,2023-03-18T01:44:01.562-04:00,4241.76774816514,1679057928579,Default Profile,FALSE
2023-03-18T05:45:02.369Z,43.2530015,-79.920042,63.4000015258789,20,,,0,network,,,,,,,,67,,1679118302369,2023-03-18T01:45:02.369-04:00,4242.06621912645,1679057928579,Default Profile,FALSE
2023-03-18T05:46:03.271Z,43.2530051,-79.9200422,63.4000015258789,11.804,,,0,network,,,,,,,,67,,1679118363271,2023-03-18T01:46:03.271-04:00,4242.46684842712,1679057928579,Default Profile,FALSE
2023-03-18T05:47:04.122Z,43.2529993,-79.9200414,63.4000015258789,20,,,0,network,,,,,,,,67,,1679118424122,2023-03-18T01:47:04.122-04:00,4243.11502522073,1679057928579,Default Profile,FALSE
2023-03-18T05:48:04.941Z,43.2529965,-79.9200468,63.4000015258789,12.25,,,0,network,,,,,,,,67,,1679118484941,2023-03-18T01:48:04.941-04:00,4243.65186258903,1679057928579,Default Profile,FALSE
2023-03-18T05:49:05.712Z,43.2530008,-79.9200424,63.4000015258789,11.817,,,0,network,,,,,,,,67,,1679118545712,2023-03-18T01:49:05.712-04:00,4244.24818200376,1679057928579,Default Profile,FALSE
2023-03-18T05:50:06.502Z,43.2529976,-79.9200482,63.4000015258789,15.386,,,0,network,,,,,,,,66,,1679118606502,2023-03-18T01:50:06.502-04:00,4244.83746348878,1679057928579,Default Profile,FALSE
2023-03-18T05:51:07.267Z,43.2530015,-79.9200487,63.4000015258789,12.084,,,0,network,,,,,,,,66,,1679118667267,2023-03-18T01:51:07.267-04:00,4245.27301017026,1679057928579,Default Profile,FALSE
2023-03-18T05:52:08.050Z,43.2529978,-79.9200496,63.4000015258789,20,,,0,network,,,,,,,,66,,1679118728050,2023-03-18T01:52:08.050-04:00,4245.69083806988,1679057928579,Default Profile,FALSE
2023-03-18T05:53:08.866Z,43.2529996,-79.9200465,63.4000015258789,14.432,,,0,network,,,,,,,,66,,1679118788866,2023-03-18T01:53:08.866-04:00,4246.01191688559,1679057928579,Default Profile,FALSE
2023-03-18T05:54:09.970Z,43.2529996,-79.9200423,63.4000015258789,11.728,,,0,network,,,,,,,,66,,1679118849970,2023-03-18T01:54:09.970-04:00,4246.3520629895,1679057928579,Default Profile,FALSE
2023-03-18T05:55:10.780Z,43.2530077,-79.9200534,63.4000015258789,14.484,,,0,network,,,,,,,,66,,1679118910780,2023-03-18T01:55:10.780-04:00,4247.62459867876,1679057928579,Default Profile,FALSE
2023-03-18T05:56:11.582Z,43.2530025,-79.9200455,63.4000015258789,13.078,,,0,network,,,,,,,,65,,1679118971582,2023-03-18T01:56:11.582-04:00,4248.4869635639,1679057928579,Default Profile,FALSE
2023-03-18T05:57:12.402Z,43.253005,-79.9200542,63.4000015258789,14.682,,,0,network,,,,,,,,65,,1679119032402,2023-03-18T01:57:12.402-04:00,4249.24440771117,1679057928579,Default Profile,FALSE
2023-03-18T05:58:13.210Z,43.2529981,-79.9200415,63.4000015258789,20,,,0,network,,,,,,,,65,,1679119093210,2023-03-18T01:58:13.210-04:00,4250.52758861658,1679057928579,Default Profile,FALSE
2023-03-18T05:59:13.983Z,43.2530109,-79.9200546,63.4000015258789,14.764,,,0,network,,,,,,,,65,,1679119153983,2023-03-18T01:59:13.983-04:00,4252.30279146177,1679057928579,Default Profile,FALSE
2023-03-18T06:00:14.742Z,43.2529987,-79.92004,63.4000015258789,20,,,0,network,,,,,,,,65,,1679119214742,2023-03-18T02:00:14.742-04:00,4254.10234795972,1679057928579,Default Profile,FALSE
2023-03-18T06:01:15.552Z,43.2530004,-79.9200385,63.4000015258789,11.699,,,0,network,,,,,,,,64,,1679119275552,2023-03-18T02:01:15.552-04:00,4254.32704872462,1679057928579,Default Profile,FALSE
2023-03-18T06:02:16.360Z,43.2529965,-79.9200429,63.4000015258789,14,,,0,network,,,,,,,,64,,1679119336360,2023-03-18T02:02:16.360-04:00,4254.88833466098,1679057928579,Default Profile,FALSE
2023-03-18T06:03:17.192Z,43.2530031,-79.9200344,63.4000015258789,16.769,,,0,network,,,,,,,,64,,1679119397192,2023-03-18T02:03:17.192-04:00,4255.89455107947,1679057928579,Default Profile,FALSE
2023-03-18T06:04:18.076Z,43.2529976,-79.9200481,63.4000015258789,20,,,0,network,,,,,,,,64,,1679119458076,2023-03-18T02:04:18.076-04:00,4257.16146241996,1679057928579,Default Profile,FALSE
2023-03-18T06:05:18.911Z,43.2530027,-79.9200517,63.4000015258789,15.41,,,0,network,,,,,,,,64,,1679119518911,2023-03-18T02:05:18.911-04:00,4257.79911386625,1679057928579,Default Profile,FALSE
2023-03-18T17:02:41.451Z,43.2529994,-79.9200404,63.4000015258789,11.665,,,0,network,,,,,,,,65,,1679158961451,2023-03-18T13:02:41.451-04:00,0,1679158960592,Default Profile,FALSE
2023-03-18T17:03:42.849Z,43.2530059,-79.9200467,63.4000015258789,23.851,,,0,network,,,,,,,,65,,1679159022849,2023-03-18T13:03:42.849-04:00,0.884712230603178,1679158960592,Default Profile,FALSE
2023-03-18T17:04:43.705Z,43.253007,-79.9200478,63.4000015258789,17.833,,,0,network,,,,,,,,65,,1679159083705,2023-03-18T13:04:43.705-04:00,1.03603014181221,1679158960592,Default Profile,FALSE
2023-03-18T17:05:45.000Z,43.2530256,-79.9202875,63,20.539,,,0,network,,,,,,,,65,,1679159145000,2023-03-18T13:05:45.000-04:00,20.5585127037895,1679158960592,Default Profile,FALSE
2023-03-18T17:06:46.831Z,43.2530041,-79.9202723,63,26.053,,,0,network,,,,,,,,65,,1679159206831,2023-03-18T13:06:46.831-04:00,23.2475228411469,1679158960592,Default Profile,FALSE
2023-03-18T17:07:48.183Z,43.2529682,-79.9201084,63,19.435,,,0,network,,,,,,,,65,,1679159268183,2023-03-18T13:07:48.183-04:00,37.1085836844379,1679158960592,Default Profile,FALSE
2023-03-18T17:08:46.999Z,43.2548876437065,-79.9195357483521,68.5846119569214,4.292343,17.272646,8.86649,11,gps,0.9,1.1,1.4,-35.3,,,,65,,1679159326999,2023-03-18T13:08:46.999-04:00,255.521475236739,1679158960592,Default Profile,FALSE
2023-03-18T17:09:49.956Z,43.257554,-79.9174293,63.3000030517578,33.561,,,0,network,,,,,,,,65,,1679159389956,2023-03-18T13:09:49.956-04:00,597.578782681027,1679158960592,Default Profile,FALSE
2023-03-18T17:10:51.704Z,43.2577798,-79.9123638,62.7000007629394,30.312,,,0,network,,,,,,,,64,,1679159451704,2023-03-18T13:10:51.704-04:00,1008.55551281162,1679158960592,Default Profile,FALSE
2023-03-18T17:11:54.122Z,43.2585291,-79.904548,62.6000022888183,29.679,,,0,network,,,,,,,,64,,1679159514122,2023-03-18T13:11:54.122-04:00,1646.941897264,1679158960592,Default Profile,FALSE
2023-03-18T17:13:06.764Z,43.2537809414268,-79.903120969594,72.5402990858473,29.303923,292.5206,7.9242587,4,gps,1.5,1,1.8,-35.2,,,,64,,1679159586764,2023-03-18T13:13:06.764-04:00,2187.41283629578,1679158960592,Default Profile,FALSE
2023-03-18T17:14:13.840Z,43.2514029375485,-79.9160675871861,72.2522748995224,30.00646,210.68015,22.585068,8,gps,1.2,1.5,1.9,-35.2,,,,64,,1679159653840,2023-03-18T13:14:13.840-04:00,3268.75768540635,1679158960592,Default Profile,FALSE
2023-03-18T17:15:22.179Z,43.2462141216908,-79.9347299831377,109.393620296504,5.0726056,262.47693,26.815111,6,gps,1,1.7,2,-35.3,,,,64,,1679159722179,2023-03-18T13:15:22.179-04:00,4886.65225615954,1679158960592,Default Profile,FALSE
2023-03-18T17:16:46.999Z,43.2340595873094,-79.9505331996479,156.573118284927,35.89697,230.89539,22.911852,5,gps,7.2,12,14,-35.2,,,,64,,1679159806999,2023-03-18T13:16:46.999-04:00,6748.1948891648,1679158960592,Default Profile,FALSE
2023-03-18T17:17:50.217Z,43.2312220827234,-79.9435275843098,175.045791697328,38.153606,100.293945,24.401026,8,gps,1.7,2.1,2.7,-35.2,,,,64,,1679159870217,2023-03-18T13:17:50.217-04:00,7397.55504647724,1679158960592,Default Profile,FALSE
2023-03-18T17:18:54.456Z,43.2279039193903,-79.9230492943442,196.270075751312,25.413965,107.09174,27.082825,6,gps,2.4,2.5,3.5,-35.2,,,,64,,1679159934456,2023-03-18T13:18:54.456-04:00,9097.20271245672,1679158960592,Default Profile,FALSE
2023-03-18T17:20:01.823Z,43.2225698295488,-79.901774147487,185.73373331117,30.559145,112.22622,25.85083,5,gps,2.3,2.3,3.3,-35.2,,,,63,,1679160001823,2023-03-18T13:20:01.823-04:00,10920.1890670564,1679158960592,Default Profile,FALSE
2023-03-18T17:21:07.824Z,43.2171431052249,-79.8799611160937,181.784419558583,20.995508,109.19725,27.560274,7,gps,1.5,2.1,2.6,-35.2,,,,63,,1679160067824,2023-03-18T13:21:07.824-04:00,12787.8900226897,1679158960592,Default Profile,FALSE
2023-03-18T17:22:14.161Z,43.2113419084927,-79.8671778645941,182.235299680167,13.488469,197.87526,14.536971,8,gps,1.6,2,2.6,-35.2,,,,63,,1679160134161,2023-03-18T13:22:14.161-04:00,14008.2483828172,1679158960592,Default Profile,FALSE
2023-03-18T17:23:18.711Z,43.2064272547427,-79.8693947047299,181.463520669495,34.32866,,0,7,gps,1.3,1.8,2.3,-35.2,,,,63,,1679160198711,2023-03-18T13:23:18.711-04:00,14583.5092855488,1679158960592,Default Profile,FALSE
2023-03-18T17:24:21.555Z,43.1981813,-79.8734763,179.799987792968,30.923,,,0,network,,,,,,,,63,,1679160261555,2023-03-18T13:24:21.555-04:00,15558.2762420099,1679158960592,Default Profile,FALSE
2023-03-18T17:25:29.320Z,43.1977466,-79.87084,180.899993896484,23.023,,,0,network,,,,,,,,63,,1679160329320,2023-03-18T13:25:29.320-04:00,15777.3739567876,1679158960592,Default Profile,FALSE
2023-03-18T17:26:33.814Z,43.1974685350944,-79.8700229483384,192.358614378988,16.623304,,0,8,gps,1.4,1.5,2,-35.2,,,,63,,1679160393814,2023-03-18T13:26:33.814-04:00,15850.4666087576,1679158960592,Default Profile,FALSE
2023-03-18T17:27:36.888Z,43.1976457,-79.8699899,181.399993896484,18.536,,,0,network,,,,,,,,63,,1679160456888,2023-03-18T13:27:36.888-04:00,15870.3477629495,1679158960592,Default Profile,FALSE
2023-03-18T17:28:37.864Z,43.1977102,-79.8699917,181.299987792968,17.574,,,0,network,,,,,,,,63,,1679160517864,2023-03-18T13:28:37.864-04:00,15877.5213197597,1679158960592,Default Profile,FALSE
2023-03-18T17:29:38.872Z,43.1976745,-79.87015,181.399993896484,14.212,,,0,network,,,,,,,,63,,1679160578872,2023-03-18T13:29:38.872-04:00,15890.9532216697,1679158960592,Default Profile,FALSE
2023-03-18T17:30:40.470Z,43.1975796,-79.8700536,181.399993896484,29.058,,,0,network,,,,,,,,63,,1679160640470,2023-03-18T13:30:40.470-04:00,15904.0839390814,1679158960592,Default Profile,FALSE
2023-03-18T17:31:58.929Z,43.1973030311393,-79.8702217377057,181.459522257584,36.60286,,0,7,gps,1.1,1.5,1.9,-35.2,,,,63,,1679160718929,2023-03-18T13:31:58.929-04:00,15937.7218823776,1679158960592,Default Profile,FALSE
2023-03-18T17:33:34.230Z,43.1973989250686,-79.8703949246539,184.763804833883,26.19444,,0,6,gps,1.6,2.3,2.8,-35.2,,,,63,,1679160814230,2023-03-18T13:33:34.230-04:00,15955.3509428352,1679158960592,Default Profile,FALSE
2023-03-18T17:34:58.480Z,43.199656738311,-79.8809175979485,171.352966386717,37.72808,286.8702,15.586448,6,gps,1.5,2.3,2.8,-35.2,,,,62,,1679160898480,2023-03-18T13:34:58.480-04:00,16844.4945191667,1679158960592,Default Profile,FALSE
2023-03-18T17:36:29.801Z,43.2027456555222,-79.8930574642396,186.55584427832,15.609169,,0,9,gps,1,1.6,1.9,-35.2,,,,62,,1679160989801,2023-03-18T13:36:29.801-04:00,17886.7263009574,1679158960592,Default Profile,FALSE
2023-03-18T17:37:49.124Z,43.205848788257,-79.8916510477872,182.592978676375,36.379562,,0,5,gps,2.8,6.2,6.8,-35.2,,,,62,,1679161069124,2023-03-18T13:37:49.124-04:00,18250.1209227008,1679158960592,Default Profile,FALSE
2023-03-18T17:39:53.000Z,43.2070759474782,-79.8915591466119,156.724660695519,35.396336,275.48553,2.8353548,3,gps,5.9,7.6,9.6,-35.2,,,,62,,1679161193000,2023-03-18T13:39:53.000-04:00,18386.777943812,1679158960592,Default Profile,FALSE
2023-03-18T17:40:56.032Z,43.2063884,-79.8916779,191.799987792968,29.119,,,0,network,,,,,,,,62,,1679161256032,2023-03-18T13:40:56.032-04:00,18463.8332049036,1679158960592,Default Profile,FALSE
2023-03-18T17:41:56.990Z,43.2066972,-79.8930201,191.699996948242,30.027,,,0,network,,,,,,,,62,,1679161316990,2023-03-18T13:41:56.990-04:00,18577.907555646,1679158960592,Default Profile,FALSE
2023-03-18T17:42:58.493Z,43.2065704,-79.8930225,191.699996948242,37.696,,,0,network,,,,,,,,62,,1679161378493,2023-03-18T13:42:58.493-04:00,18592.0084140615,1679158960592,Default Profile,FALSE
2023-03-18T17:43:59.432Z,43.2065881,-79.8931303,191.599990844726,26.504,,,0,network,,,,,,,,62,,1679161439432,2023-03-18T13:43:59.432-04:00,18600.9644164776,1679158960592,Default Profile,FALSE
2023-03-18T17:45:00.511Z,43.206594,-79.8931278,191.599990844726,19.293,,,0,network,,,,,,,,62,,1679161500511,2023-03-18T13:45:00.511-04:00,18601.6510440499,1679158960592,Default Profile,FALSE
2023-03-18T17:46:01.501Z,43.2067859,-79.8934057,191.599990844726,32.216,,,0,network,,,,,,,,62,,1679161561501,2023-03-18T13:46:01.501-04:00,18632.6773022622,1679158960592,Default Profile,FALSE
2023-03-18T17:47:02.525Z,43.2064625,-79.8929426,191.699996948242,37.11,,,0,network,,,,,,,,62,,1679161622525,2023-03-18T13:47:02.525-04:00,18684.6574157476,1679158960592,Default Profile,FALSE
2023-03-18T17:48:03.509Z,43.206605,-79.8931621,191.699996948242,19.675,,,0,network,,,,,,,,62,,1679161683509,2023-03-18T13:48:03.509-04:00,18708.4810482826,1679158960592,Default Profile,FALSE
2023-03-18T17:49:04.473Z,43.2065955,-79.8931396,191.699996948242,23.385,,,0,network,,,,,,,,62,,1679161744473,2023-03-18T13:49:04.473-04:00,18710.5885094114,1679158960592,Default Profile,FALSE
2023-03-18T17:50:05.522Z,43.2065647,-79.89309,191.599990844726,32.649,,,0,network,,,,,,,,62,,1679161805522,2023-03-18T13:50:05.522-04:00,18715.8695958091,1679158960592,Default Profile,FALSE
2023-03-18T17:51:06.540Z,43.2065585,-79.8931022,191.699996948242,33.892,,,0,network,,,,,,,,62,,1679161866540,2023-03-18T13:51:06.540-04:00,18717.0750014284,1679158960592,Default Profile,FALSE
2023-03-18T17:52:07.557Z,43.2066886,-79.8932504,191.599990844726,24.32,,,0,network,,,,,,,,62,,1679161927557,2023-03-18T13:52:07.557-04:00,18735.8780068432,1679158960592,Default Profile,FALSE
2023-03-18T17:53:08.503Z,43.2064003,-79.8928989,191.699996948242,20,,,0,network,,,,,,,,62,,1679161988503,2023-03-18T13:53:08.503-04:00,18778.7649379949,1679158960592,Default Profile,FALSE
2023-03-18T17:54:09.533Z,43.2064038,-79.8928988,191.699996948242,23.023,,,0,network,,,,,,,,62,,1679162049533,2023-03-18T13:54:09.533-04:00,18779.1542046232,1679158960592,Default Profile,FALSE
2023-03-18T17:55:10.566Z,43.2064069,-79.8929201,191.699996948242,21.531,,,0,network,,,,,,,,62,,1679162110566,2023-03-18T13:55:10.566-04:00,18780.9146282023,1679158960592,Default Profile,FALSE
2023-03-18T17:56:11.527Z,43.2064012,-79.8928986,191.699996948242,20,,,0,network,,,,,,,,62,,1679162171527,2023-03-18T13:56:11.527-04:00,18782.7688711832,1679158960592,Default Profile,FALSE
2023-03-18T17:57:12.523Z,43.2064191,-79.8928897,191.699996948242,20,,,0,network,,,,,,,,62,,1679162232523,2023-03-18T13:57:12.523-04:00,18784.8859389957,1679158960592,Default Profile,FALSE
2023-03-18T17:58:13.550Z,43.2063689,-79.8929209,191.699996948242,18.72,,,0,network,,,,,,,,62,,1679162293550,2023-03-18T13:58:13.550-04:00,18791.013993177,1679158960592,Default Profile,FALSE
2023-03-18T17:59:14.543Z,43.2064035,-79.8929212,191.699996948242,20.126,,,0,network,,,,,,,,62,,1679162354543,2023-03-18T13:59:14.543-04:00,18794.8614144711,1679158960592,Default Profile,FALSE
2023-03-18T18:00:15.462Z,43.2063995,-79.8928936,191.699996948242,17.822,,,0,network,,,,,,,,62,,1679162415462,2023-03-18T14:00:15.462-04:00,18797.1421596071,1679158960592,Default Profile,FALSE
2023-03-18T18:01:16.502Z,43.20638,-79.8929383,191.699996948242,20.644,,,0,network,,,,,,,,62,,1679162476502,2023-03-18T14:01:16.502-04:00,18801.3643514214,1679158960592,Default Profile,FALSE
2023-03-18T18:02:52.541Z,43.2064025,-79.8929149,191.699996948242,17.596,,,0,network,,,,,,,,61,,1679162572541,2023-03-18T14:02:52.541-04:00,18804.5038310936,1679158960592,Default Profile,FALSE
2023-03-18T18:03:53.484Z,43.2063937,-79.8929225,191.699996948242,20.231,,,0,network,,,,,,,,61,,1679162633484,2023-03-18T14:03:53.484-04:00,18805.6600816511,1679158960592,Default Profile,FALSE
2023-03-18T18:04:54.485Z,43.2064181,-79.8928993,191.699996948242,22.873,,,0,network,,,,,,,,61,,1679162694485,2023-03-18T14:04:54.485-04:00,18808.9611257316,1679158960592,Default Profile,FALSE
2023-03-18T18:05:55.525Z,43.2064044,-79.8929225,191.699996948242,22.002,,,0,network,,,,,,,,61,,1679162755525,2023-03-18T14:05:55.525-04:00,18811.3811117744,1679158960592,Default Profile,FALSE
2023-03-18T18:06:56.477Z,43.2064019,-79.8929175,191.699996948242,23.869,,,0,network,,,,,,,,61,,1679162816477,2023-03-18T14:06:56.477-04:00,18811.8725391719,1679158960592,Default Profile,FALSE
2023-03-18T18:09:07.622Z,43.2063788,-79.8929191,191.699996948242,18.98,,,0,network,,,,,,,,61,,1679162947622,2023-03-18T14:09:07.622-04:00,18814.4444133739,1679158960592,Default Profile,FALSE
2023-03-18T18:10:08.517Z,43.2063854,-79.8929147,191.699996948242,20.164,,,0,network,,,,,,,,61,,1679163008517,2023-03-18T14:10:08.517-04:00,18815.2603573204,1679158960592,Default Profile,FALSE
2023-03-18T18:11:09.535Z,43.2066424,-79.8932207,191.599990844726,26.592,,,0,network,,,,,,,,61,,1679163069535,2023-03-18T14:11:09.535-04:00,18853.0986857874,1679158960592,Default Profile,FALSE
2023-03-18T18:12:22.854Z,43.2064264124466,-79.893057602098,204.532125840391,32.741356,,0,10,gps,1.1,2.2,2.5,-35.2,,,,61,,1679163142854,2023-03-18T14:12:22.854-04:00,18880.5129602904,1679158960592,Default Profile,FALSE
2023-03-18T18:15:36.126Z,43.2064041,-79.8929194,191.699996948242,21.27,,,0,network,,,,,,,,61,,1679163336126,2023-03-18T14:15:36.126-04:00,18891.9855960267,1679158960592,Default Profile,FALSE
2023-03-18T18:16:58.349Z,43.2065835350419,-79.8932281626764,172.325358908173,38.224506,,0,7,gps,1.5,2.8,3.1,-35.2,,,,61,,1679163418349,2023-03-18T14:16:58.349-04:00,18923.9908867542,1679158960592,Default Profile,FALSE
2023-03-18T18:18:01.512Z,43.2067385,-79.8933146,191.599990844726,28.855,,,0,network,,,,,,,,61,,1679163481512,2023-03-18T14:18:01.512-04:00,18942.591888255,1679158960592,Default Profile,FALSE
2023-03-18T18:19:02.505Z,43.2067575,-79.8934472,192.299987792968,25.239,,,0,network,,,,,,,,61,,1679163542505,2023-03-18T14:19:02.505-04:00,18953.5446328845,1679158960592,Default Profile,FALSE
2023-03-18T18:20:03.555Z,43.2066349,-79.8931431,191.599990844726,19.295,,,0,network,,,,,,,,61,,1679163603555,2023-03-18T14:20:03.555-04:00,18981.7104882008,1679158960592,Default Profile,FALSE
2023-03-18T18:21:04.488Z,43.2066219,-79.8932501,191.599990844726,30.606,,,0,network,,,,,,,,61,,1679163664488,2023-03-18T14:21:04.488-04:00,18990.5023599242,1679158960592,Default Profile,FALSE
2023-03-18T18:22:05.397Z,43.2065326,-79.8929293,191.699996948242,29.487,,,0,network,,,,,,,,61,,1679163725397,2023-03-18T14:22:05.397-04:00,19018.3344275109,1679158960592,Default Profile,FALSE
2023-03-18T18:23:06.404Z,43.2068928,-79.8933256,191.5,23.697,,,0,network,,,,,,,,61,,1679163786404,2023-03-18T14:23:06.404-04:00,19069.6750966474,1679158960592,Default Profile,FALSE
2023-03-18T18:24:07.535Z,43.2068538,-79.8932726,191.599990844726,20.97,,,0,network,,,,,,,,61,,1679163847535,2023-03-18T14:24:07.535-04:00,19075.7790327113,1679158960592,Default Profile,FALSE
2023-03-18T18:25:08.529Z,43.2067863,-79.8931031,191.599990844726,29.86,,,0,network,,,,,,,,61,,1679163908529,2023-03-18T14:25:08.529-04:00,19091.4334285348,1679158960592,Default Profile,FALSE
2023-03-18T18:26:09.526Z,43.206674,-79.8928654,191.599990844726,27.43,,,0,network,,,,,,,,61,,1679163969526,2023-03-18T14:26:09.526-04:00,19114.3916627375,1679158960592,Default Profile,FALSE
2023-03-18T18:27:12.149Z,43.2066414,-79.8929187,191.599990844726,30.507,,,0,network,,,,,,,,61,,1679164032149,2023-03-18T14:27:12.149-04:00,19120.030973512,1679158960592,Default Profile,FALSE
2023-03-18T18:28:16.408Z,43.2066444626936,-79.8933358653587,194.347684304939,8.130705,,0,4,gps,3.4,6.1,6.9,-35.2,,,,60,,1679164096408,2023-03-18T14:28:16.408-04:00,19153.8434350048,1679158960592,Default Profile,FALSE
2023-03-18T18:29:19.575Z,43.2064054,-79.8917019,191.799987792968,18.495,,,0,network,,,,,,,,60,,1679164159575,2023-03-18T14:29:19.575-04:00,19288.9161798965,1679158960592,Default Profile,FALSE
2023-03-18T18:30:19.860Z,43.2065633572368,-79.8927758601065,197.547666547562,3.1382036,,,4,gps,8.4,1,8.5,-35.2,,,,60,,1679164219860,2023-03-18T14:30:19.860-04:00,19377.7139695413,1679158960592,Default Profile,FALSE
2023-03-18T18:31:22.822Z,43.2046486,-79.8928237,190.899993896484,26.236,,,0,network,,,,,,,,60,,1679164282822,2023-03-18T14:31:22.822-04:00,19590.6605640066,1679158960592,Default Profile,FALSE
2023-03-18T18:32:26.864Z,43.2045384546085,-79.8935850943783,197.701850082739,8.367694,,0,10,gps,1.1,1.9,2.2,-35.2,,,,60,,1679164346864,2023-03-18T14:32:26.864-04:00,19653.5763421221,1679158960592,Default Profile,FALSE
2023-03-18T18:33:30.523Z,43.2049025,-79.8929302,190.899993896484,36.729,,,0,network,,,,,,,,60,,1679164410523,2023-03-18T14:33:30.523-04:00,19720.3305484448,1679158960592,Default Profile,FALSE
2023-03-18T18:34:32.525Z,43.2050734,-79.8938994,191.299987792968,17.75,,,0,network,,,,,,,,60,,1679164472525,2023-03-18T14:34:32.525-04:00,19801.1510270926,1679158960592,Default Profile,FALSE
2023-03-18T18:35:33.581Z,43.205189,-79.8941186,191.299987792968,26.079,,,0,network,,,,,,,,60,,1679164533581,2023-03-18T14:35:33.581-04:00,19823.0798070051,1679158960592,Default Profile,FALSE
2023-03-18T18:36:34.577Z,43.2048516,-79.8939285,191.299987792968,28.226,,,0,network,,,,,,,,60,,1679164594577,2023-03-18T14:36:34.577-04:00,19863.6376389323,1679158960592,Default Profile,FALSE
2023-03-18T18:37:41.784Z,43.2045399584893,-79.8934992952119,205.950182507866,10.055658,,0,9,gps,0.9,1.4,1.7,-35.2,,,,60,,1679164661784,2023-03-18T14:37:41.784-04:00,19912.739645401,1679158960592,Default Profile,FALSE
2023-03-18T18:38:48.094Z,43.2038372352745,-79.8936169527709,202.93607103009,14.873583,194.41824,4.297711,7,gps,1.4,3.1,3.5,-35.2,,,,60,,1679164728094,2023-03-18T14:38:48.094-04:00,19991.4586776522,1679158960592,Default Profile,FALSE
2023-03-18T18:39:54.379Z,43.2032421640862,-79.8950447105398,209.05575982889,19.69282,201.76288,4.1978397,8,gps,1.2,1.8,2.1,-35.2,,,,60,,1679164794379,2023-03-18T14:39:54.379-04:00,20124.7641508206,1679158960592,Default Profile,FALSE
2023-03-18T18:40:57.493Z,43.2041284,-79.8977146,194.899993896484,35.084,,,0,network,,,,,,,,60,,1679164857493,2023-03-18T14:40:57.493-04:00,20362.5473323578,1679158960592,Default Profile,FALSE
2023-03-18T18:41:58.689Z,43.2116475,-79.8942098,187.599990844726,17.576,,,0,network,,,,,,,,60,,1679164918689,2023-03-18T14:41:58.689-04:00,21245.5683341324,1679158960592,Default Profile,FALSE
2023-03-18T18:43:03.799Z,43.2112343465207,-79.8895487372336,186.719720255671,15.508308,,0,8,gps,1.2,1.3,1.8,-35.2,,,,60,,1679164983799,2023-03-18T14:43:03.799-04:00,21626.0954569128,1679158960592,Default Profile,FALSE
2023-03-18T18:44:06.108Z,43.2112417452468,-79.8892256100573,218.03306970611,24.509659,,,5,gps,2.9,1,3.1,-35.2,,,,60,,1679165046108,2023-03-18T14:44:06.108-04:00,21652.295469689,1679158960592,Default Profile,FALSE
2023-03-18T18:45:08.363Z,43.2112667366917,-79.8892514810641,207.954353135565,23.02146,,,5,gps,1.9,1,2.1,-35.2,,,,60,,1679165108363,2023-03-18T14:45:08.363-04:00,21655.7766146021,1679158960592,Default Profile,FALSE
2023-03-18T18:46:11.550Z,43.2117111,-79.8885482,184.699996948242,32.041,,,0,network,,,,,,,,60,,1679165171550,2023-03-18T14:46:11.550-04:00,21731.2082666355,1679158960592,Default Profile,FALSE
2023-03-18T18:47:12.544Z,43.2116736,-79.8882854,184.599990844726,28.836,,,0,network,,,,,,,,58,,1679165232544,2023-03-18T14:47:12.544-04:00,21752.9104801666,1679158960592,Default Profile,FALSE
2023-03-18T18:48:14.561Z,43.2116644,-79.8883819,184.599990844726,39.553,,,0,network,,,,,,,,58,,1679165294561,2023-03-18T14:48:14.561-04:00,21760.7976678165,1679158960592,Default Profile,FALSE
2023-03-18T18:49:15.131Z,43.2116616493624,-79.888790442405,206.449951173748,36.843388,,,5,gps,2.2,1,2.4,-35.2,,,,58,,1679165355131,2023-03-18T14:49:15.131-04:00,21793.9082218632,1679158960592,Default Profile,FALSE
2023-03-18T18:50:19.856Z,43.2162335642655,-79.8869497021483,204.153262832676,31.454088,18.567135,14.608979,7,gps,1.6,2.1,2.7,-35.2,,,,58,,1679165419856,2023-03-18T14:50:19.856-04:00,22323.7158447021,1679158960592,Default Profile,FALSE
2023-03-18T18:51:25.850Z,43.2154098888417,-79.8729151531258,194.653839868127,22.599953,110.65458,22.744846,6,gps,1.9,5.2,5.5,-35.2,,,,58,,1679165485850,2023-03-18T14:51:25.850-04:00,23464.7097309461,1679158960592,Default Profile,FALSE
2023-03-18T18:52:30.838Z,43.2140784571977,-79.8657477520983,165.121426391269,25.240997,17.394663,9.205853,7,gps,1.7,2.5,3.1,-35.2,,,,58,,1679165550838,2023-03-18T14:52:30.838-04:00,24064.112901438,1679158960592,Default Profile,FALSE
2023-03-18T18:53:37.112Z,43.2172199606118,-79.8626659820323,167.288360062418,5.909775,102.725365,2.9660401,11,gps,1.2,1.8,2.2,-35.2,,,,58,,1679165617112,2023-03-18T14:53:37.112-04:00,24493.5222919298,1679158960592,Default Profile,FALSE
2023-03-18T18:54:42.806Z,43.2181741945519,-79.8629645795884,187.317578485345,26.07551,,0,4,gps,1.3,3.9,4,-35.2,,,,58,,1679165682806,2023-03-18T14:54:42.806-04:00,24602.3522150362,1679158960592,Default Profile,FALSE
2023-03-18T18:55:48.813Z,43.2191228509491,-79.862931666785,172.746010517931,8.9858,,0,7,gps,1.4,2.7,3.1,-35.2,,,,58,,1679165748813,2023-03-18T14:55:48.813-04:00,24707.8717035203,1679158960592,Default Profile,FALSE
2023-03-18T18:56:51.533Z,43.2190666940568,-79.8628421649106,186.087211780148,12.248677,,,7,gps,1.8,2.2,2.9,-35.2,,,,58,,1679165811533,2023-03-18T14:56:51.533-04:00,24717.4420405196,1679158960592,Default Profile,FALSE
2023-03-18T18:57:54.583Z,43.2180528,-79.8622763,170.199996948242,28.9,,,0,network,,,,,,,,58,,1679165874583,2023-03-18T14:57:54.583-04:00,24839.150058567,1679158960592,Default Profile,FALSE
2023-03-18T18:58:55.573Z,43.2180704,-79.8622832,170.199996948242,22.081,,,0,network,,,,,,,,58,,1679165935573,2023-03-18T14:58:55.573-04:00,24841.1853958159,1679158960592,Default Profile,FALSE
2023-03-18T18:59:56.510Z,43.2181054,-79.8622343,170.199996948242,21.192,,,0,network,,,,,,,,58,,1679165996510,2023-03-18T14:59:56.510-04:00,24846.7394952975,1679158960592,Default Profile,FALSE
2023-03-18T19:00:57.538Z,43.2180716,-79.8622603,170.199996948242,20.263,,,0,network,,,,,,,,58,,1679166057538,2023-03-18T15:00:57.538-04:00,24851.0481375721,1679158960592,Default Profile,FALSE
2023-03-18T19:02:33.681Z,43.2180639,-79.8622767,170.199996948242,22.763,,,0,network,,,,,,,,58,,1679166153681,2023-03-18T15:02:33.681-04:00,24852.6290206037,1679158960592,Default Profile,FALSE
2023-03-18T19:03:34.590Z,43.2180887,-79.8622642,170.199996948242,23.109,,,0,network,,,,,,,,58,,1679166214590,2023-03-18T15:03:34.590-04:00,24855.566800899,1679158960592,Default Profile,FALSE
2023-03-18T19:05:10.671Z,43.2181528,-79.8620742,170.199996948242,16.269,,,0,network,,,,,,,,58,,1679166310671,2023-03-18T15:05:10.671-04:00,24872.5329692838,1679158960592,Default Profile,FALSE
2023-03-18T19:06:11.596Z,43.218059,-79.8622867,170.199996948242,24.181,,,0,network,,,,,,,,58,,1679166371596,2023-03-18T15:06:11.596-04:00,24892.6650910747,1679158960592,Default Profile,FALSE
2023-03-18T19:07:12.534Z,43.2180479,-79.8623037,169.899993896484,22.002,,,0,network,,,,,,,,58,,1679166432534,2023-03-18T15:07:12.534-04:00,24894.5147154735,1679158960592,Default Profile,FALSE
2023-03-18T19:08:13.602Z,43.2180678,-79.8622698,170.199996948242,22.813,,,0,network,,,,,,,,58,,1679166493602,2023-03-18T15:08:13.602-04:00,24898.0421250177,1679158960592,Default Profile,FALSE
2023-03-18T19:09:49.607Z,43.2180362,-79.8623265,169.899993896484,20.93,,,0,network,,,,,,,,58,,1679166589607,2023-03-18T15:09:49.607-04:00,24903.8263204867,1679158960592,Default Profile,FALSE
2023-03-18T19:10:50.604Z,43.2180487,-79.8623187,169.899993896484,16.152,,,0,network,,,,,,,,58,,1679166650604,2023-03-18T15:10:50.604-04:00,24905.3532214542,1679158960592,Default Profile,FALSE
2023-03-18T19:11:51.577Z,43.2180415,-79.8623095,169.899993896484,21.658,,,0,network,,,,,,,,58,,1679166711577,2023-03-18T15:11:51.577-04:00,24906.4471822671,1679158960592,Default Profile,FALSE
2023-03-18T19:12:52.584Z,43.2180479,-79.8623144,169.899993896484,19.516,,,0,network,,,,,,,,58,,1679166772584,2023-03-18T15:12:52.584-04:00,24907.26210722,1679158960592,Default Profile,FALSE
2023-03-18T19:13:53.588Z,43.2180381,-79.8623245,169.899993896484,20.452,,,0,network,,,,,,,,58,,1679166833588,2023-03-18T15:13:53.588-04:00,24908.6249396096,1679158960592,Default Profile,FALSE
2023-03-18T19:14:54.497Z,43.2180488,-79.8623122,170.099990844726,22.158,,,0,network,,,,,,,,58,,1679166894497,2023-03-18T15:14:54.497-04:00,24910.1770440979,1679158960592,Default Profile,FALSE
2023-03-18T19:15:55.459Z,43.2180545,-79.862312,170.099990844726,18.296,,,0,network,,,,,,,,58,,1679166955459,2023-03-18T15:15:55.459-04:00,24910.8110623514,1679158960592,Default Profile,FALSE
2023-03-18T19:16:56.626Z,43.2180723,-79.8622736,170.199996948242,22.81,,,0,network,,,,,,,,58,,1679167016626,2023-03-18T15:16:56.626-04:00,24914.4988974131,1679158960592,Default Profile,FALSE
2023-03-18T19:17:57.569Z,43.2180468,-79.862309,169.899993896484,17.972,,,0,network,,,,,,,,58,,1679167077569,2023-03-18T15:17:57.569-04:00,24918.5323453742,1679158960592,Default Profile,FALSE
2023-03-18T19:18:58.599Z,43.2180411,-79.8623175,170.099990844726,19.984,,,0,network,,,,,,,,58,,1679167138599,2023-03-18T15:18:58.599-04:00,24919.4683702295,1679158960592,Default Profile,FALSE
2023-03-18T19:19:59.566Z,43.2180449,-79.8623171,170.099990844726,22.032,,,0,network,,,,,,,,58,,1679167199566,2023-03-18T15:19:59.566-04:00,24919.8921523591,1679158960592,Default Profile,FALSE
2023-03-18T19:21:00.564Z,43.2180646,-79.8622861,170.199996948242,23.056,,,0,network,,,,,,,,58,,1679167260564,2023-03-18T15:21:00.564-04:00,24923.225142356,1679158960592,Default Profile,FALSE
2023-03-18T19:22:01.575Z,43.2180603,-79.8623177,170.099990844726,22.385,,,0,network,,,,,,,,58,,1679167321575,2023-03-18T15:22:01.575-04:00,24925.8300620955,1679158960592,Default Profile,FALSE
2023-03-18T19:23:02.597Z,43.218054,-79.8623075,170.099990844726,21.02,,,0,network,,,,,,,,58,,1679167382597,2023-03-18T15:23:02.597-04:00,24926.9135346309,1679158960592,Default Profile,FALSE
2023-03-18T19:24:04.075Z,43.2180448,-79.862316,169.899993896484,20.106,,,0,network,,,,,,,,58,,1679167444075,2023-03-18T15:24:04.075-04:00,24928.1467991202,1679158960592,Default Profile,FALSE
2023-03-18T19:25:04.941Z,43.2180718,-79.8622947,170.199996948242,22.129,,,0,network,,,,,,,,58,,1679167504941,2023-03-18T15:25:04.941-04:00,24931.6098490348,1679158960592,Default Profile,FALSE
2023-03-18T19:26:05.876Z,43.2180827,-79.8622775,170.199996948242,23.479,,,0,network,,,,,,,,58,,1679167565876,2023-03-18T15:26:05.876-04:00,24933.456906272,1679158960592,Default Profile,FALSE
2023-03-18T19:27:06.798Z,43.2180463,-79.8623204,170.099990844726,21.357,,,0,network,,,,,,,,58,,1679167626798,2023-03-18T15:27:06.798-04:00,24938.7923698193,1679158960592,Default Profile,FALSE
2023-03-18T19:28:08.623Z,43.2180585,-79.8622891,170.199996948242,24.378,,,0,network,,,,,,,,58,,1679167688623,2023-03-18T15:28:08.623-04:00,24941.6687196171,1679158960592,Default Profile,FALSE
2023-03-18T19:29:44.573Z,43.2180489,-79.8623069,169.899993896484,21.622,,,0,network,,,,,,,,57,,1679167784573,2023-03-18T15:29:44.573-04:00,24943.4631578142,1679158960592,Default Profile,FALSE
2023-03-18T19:30:45.623Z,43.2180595,-79.8622919,170.199996948242,23.488,,,0,network,,,,,,,,57,,1679167845623,2023-03-18T15:30:45.623-04:00,24945.1562924528,1679158960592,Default Profile,FALSE
2023-03-18T19:31:46.624Z,43.2179989,-79.8623782,169.899993896484,37.582,,,0,network,,,,,,,,57,,1679167906624,2023-03-18T15:31:46.624-04:00,24954.8676834111,1679158960592,Default Profile,FALSE
2023-03-18T19:32:47.604Z,43.2176633,-79.8622535,170.199996948242,17.51,,,0,network,,,,,,,,57,,1679167967604,2023-03-18T15:32:47.604-04:00,24993.5286377934,1679158960592,Default Profile,FALSE
2023-03-18T19:33:48.629Z,43.2177045,-79.8622586,170.199996948242,14.026,,,0,network,,,,,,,,57,,1679168028629,2023-03-18T15:33:48.629-04:00,24998.1284717762,1679158960592,Default Profile,FALSE
2023-03-18T19:34:49.587Z,43.2176746,-79.8622569,170.199996948242,14.91,,,0,network,,,,,,,,57,,1679168089587,2023-03-18T15:34:49.587-04:00,25001.456052816,1679158960592,Default Profile,FALSE
2023-03-18T19:35:50.597Z,43.2177324,-79.8620904,175.199996948242,18.727,,,0,network,,,,,,,,57,,1679168150597,2023-03-18T15:35:50.597-04:00,25016.4008177635,1679158960592,Default Profile,FALSE
2023-03-18T19:36:51.613Z,43.2176857,-79.8620382,175.199996948242,20.825,,,0,network,,,,,,,,57,,1679168211613,2023-03-18T15:36:51.613-04:00,25023.098423829,1679158960592,Default Profile,FALSE
2023-03-18T19:37:52.615Z,43.2176965,-79.8620348,175.199996948242,16.931,,,0,network,,,,,,,,57,,1679168272615,2023-03-18T15:37:52.615-04:00,25024.3305286802,1679158960592,Default Profile,FALSE
2023-03-18T19:38:53.634Z,43.2176101,-79.8619482,175.199996948242,16.992,,,0,network,,,,,,,,57,,1679168333634,2023-03-18T15:38:53.634-04:00,25036.2278061869,1679158960592,Default Profile,FALSE
2023-03-18T19:39:54.682Z,43.2177378,-79.8620938,175.199996948242,16.924,,,0,network,,,,,,,,57,,1679168394682,2023-03-18T15:39:54.682-04:00,25054.6895139065,1679158960592,Default Profile,FALSE
2023-03-18T19:40:56.631Z,43.2177267,-79.8621268,175.199996948242,16.164,,,0,network,,,,,,,,57,,1679168456631,2023-03-18T15:40:56.631-04:00,25057.6347379106,1679158960592,Default Profile,FALSE
2023-03-18T19:41:58.611Z,43.2177244,-79.8621213,175.199996948242,21.544,,,0,network,,,,,,,,57,,1679168518611,2023-03-18T15:41:58.611-04:00,25058.1485904262,1679158960592,Default Profile,FALSE
2023-03-18T19:42:59.653Z,43.2177351,-79.862116,175.199996948242,17.59,,,0,network,,,,,,,,57,,1679168579653,2023-03-18T15:42:59.653-04:00,25059.4135187006,1679158960592,Default Profile,FALSE
2023-03-18T19:44:00.630Z,43.2176573,-79.8619694,175.199996948242,17.043,,,0,network,,,,,,,,57,,1679168640630,2023-03-18T15:44:00.630-04:00,25074.1092348379,1679158960592,Default Profile,FALSE
2023-03-18T19:45:01.679Z,43.2176978,-79.862085,175.199996948242,19.76,,,0,network,,,,,,,,57,,1679168701679,2023-03-18T15:45:01.679-04:00,25084.5030530665,1679158960592,Default Profile,FALSE
2023-03-18T19:46:02.612Z,43.2176366,-79.8619524,175.199996948242,15.805,,,0,network,,,,,,,,57,,1679168762612,2023-03-18T15:46:02.612-04:00,25097.2218397894,1679158960592,Default Profile,FALSE
2023-03-18T19:47:03.668Z,43.2177291,-79.8619423,175,20.961,,,0,network,,,,,,,,57,,1679168823668,2023-03-18T15:47:03.668-04:00,25107.5398819304,1679158960592,Default Profile,FALSE
2023-03-18T19:48:04.681Z,43.2173778,-79.8614213,174.899993896484,17.512,,,0,network,,,,,,,,57,,1679168884681,2023-03-18T15:48:04.681-04:00,25165.0579933497,1679158960592,Default Profile,FALSE
2023-03-18T19:49:06.645Z,43.2174862,-79.8612637,175.099990844726,14.63,,,0,network,,,,,,,,57,,1679168946645,2023-03-18T15:49:06.645-04:00,25182.6189380633,1679158960592,Default Profile,FALSE
2023-03-18T19:50:07.695Z,43.2177359,-79.861647,170.199996948242,26.869,,,0,network,,,,,,,,57,,1679169007695,2023-03-18T15:50:07.695-04:00,25224.280254047,1679158960592,Default Profile,FALSE
2023-03-18T19:51:08.790Z,43.2177996,-79.8612106,170.299987792968,12.741,,,0,network,,,,,,,,57,,1679169068790,2023-03-18T15:51:08.790-04:00,25260.3458783402,1679158960592,Default Profile,FALSE
2023-03-18T19:52:10.649Z,43.2179564,-79.8611794,170.299987792968,14.775,,,0,network,,,,,,,,57,,1679169130649,2023-03-18T15:52:10.649-04:00,25277.9635971323,1679158960592,Default Profile,FALSE
2023-03-18T19:53:11.732Z,43.2183255,-79.8610624,170.299987792968,18.699,,,0,network,,,,,,,,57,,1679169191732,2023-03-18T15:53:11.732-04:00,25320.0864829576,1679158960592,Default Profile,FALSE
2023-03-18T19:54:12.699Z,43.2186076,-79.8604972,170.399993896484,14.097,,,0,network,,,,,,,,56,,1679169252699,2023-03-18T15:54:12.699-04:00,25375.5985296334,1679158960592,Default Profile,FALSE
2023-03-18T19:55:14.659Z,43.2185977,-79.8604914,170.399993896484,12.4,,,0,network,,,,,,,,56,,1679169314659,2023-03-18T15:55:14.659-04:00,25376.7954914266,1679158960592,Default Profile,FALSE
2023-03-18T19:56:15.634Z,43.2186179,-79.8604979,170.399993896484,14.093,,,0,network,,,,,,,,56,,1679169375634,2023-03-18T15:56:15.634-04:00,25379.1025590783,1679158960592,Default Profile,FALSE
2023-03-18T19:57:16.624Z,43.2185863,-79.8604766,170.399993896484,11.694,,,0,network,,,,,,,,56,,1679169436624,2023-03-18T15:57:16.624-04:00,25383.0173496782,1679158960592,Default Profile,FALSE
2023-03-18T19:58:17.646Z,43.2186162,-79.860496,170.399993896484,14.797,,,0,network,,,,,,,,56,,1679169497646,2023-03-18T15:58:17.646-04:00,25386.6950014302,1679158960592,Default Profile,FALSE
2023-03-18T19:59:18.663Z,43.2186181,-79.8605036,170.399993896484,14.404,,,0,network,,,,,,,,56,,1679169558663,2023-03-18T15:59:18.663-04:00,25387.3460822313,1679158960592,Default Profile,FALSE
2023-03-18T20:00:19.650Z,43.2185825,-79.8605185,170.399993896484,11.777,,,0,network,,,,,,,,56,,1679169619650,2023-03-18T16:00:19.650-04:00,25391.4846599027,1679158960592,Default Profile,FALSE
2023-03-18T20:01:20.729Z,43.2186016,-79.8605023,170.399993896484,12.789,,,0,network,,,,,,,,56,,1679169680729,2023-03-18T16:01:20.729-04:00,25393.9814363881,1679158960592,Default Profile,FALSE
2023-03-18T20:02:21.827Z,43.2185969,-79.8605217,170.399993896484,13.386,,,0,network,,,,,,,,56,,1679169741827,2023-03-18T16:02:21.827-04:00,25395.638069089,1679158960592,Default Profile,FALSE
2023-03-18T20:03:22.879Z,43.2185816,-79.8604958,170.399993896484,14.18,,,0,network,,,,,,,,56,,1679169802879,2023-03-18T16:03:22.879-04:00,25398.3397581045,1679158960592,Default Profile,FALSE
2023-03-18T20:04:23.897Z,43.218596,-79.8604962,170.399993896484,11.683,,,0,network,,,,,,,,56,,1679169863897,2023-03-18T16:04:23.897-04:00,25399.9412930835,1679158960592,Default Profile,FALSE
2023-03-18T20:05:24.890Z,43.2183331,-79.8611751,170.299987792968,18.326,,,0,network,,,,,,,,56,,1679169924890,2023-03-18T16:05:24.890-04:00,25462.2393370493,1679158960592,Default Profile,FALSE
2023-03-18T20:06:26.008Z,43.2175315,-79.8613819,170.299987792968,19.282,,,0,network,,,,,,,,56,,1679169986008,2023-03-18T16:06:26.008-04:00,25552.9348011469,1679158960592,Default Profile,FALSE
2023-03-18T20:07:27.642Z,43.2172514,-79.8617857,170.199996948242,11.669,,,0,network,,,,,,,,56,,1679170047642,2023-03-18T16:07:27.642-04:00,25598.1096433701,1679158960592,Default Profile,FALSE
2023-03-18T20:08:28.722Z,43.2169021,-79.8618529,170.199996948242,11.492,,,0,network,,,,,,,,56,,1679170108722,2023-03-18T16:08:28.722-04:00,25637.3299150485,1679158960592,Default Profile,FALSE
2023-03-18T20:09:27.739Z,43.216922412088,-79.8617617454648,198.551295867774,14.34003,,0,9,gps,1,1.4,1.7,-35.2,,,,56,,1679170167739,2023-03-18T16:09:27.739-04:00,25645.0542221989,1679158960592,Default Profile,FALSE
2023-03-18T20:10:30.314Z,43.2174115,-79.8615092,170.199996948242,17.61,,,0,network,,,,,,,,56,,1679170230314,2023-03-18T16:10:30.314-04:00,25703.1614060218,1679158960592,Default Profile,FALSE
2023-03-18T20:11:31.640Z,43.2178654,-79.8619285,170.199996948242,26.395,,,0,network,,,,,,,,56,,1679170291640,2023-03-18T16:11:31.640-04:00,25764.0041481189,1679158960592,Default Profile,FALSE
2023-03-18T20:12:32.717Z,43.2181987,-79.8619947,170.199996948242,13.496,,,0,network,,,,,,,,56,,1679170352717,2023-03-18T16:12:32.717-04:00,25801.451641356,1679158960592,Default Profile,FALSE
2023-03-18T20:13:33.659Z,43.2180369,-79.8619705,170.199996948242,16.85,,,0,network,,,,,,,,56,,1679170413659,2023-03-18T16:13:33.659-04:00,25819.5495376543,1679158960592,Default Profile,FALSE
2023-03-18T20:14:34.671Z,43.2180099,-79.8623529,170.099990844726,34.211,,,0,network,,,,,,,,56,,1679170474671,2023-03-18T16:14:34.671-04:00,25850.6819114081,1679158960592,Default Profile,FALSE
2023-03-18T20:15:36.848Z,43.2185670038083,-79.862646488935,180.383081323744,4.3912525,302.3162,1.4432391,12,gps,0.9,1.2,1.5,-35.2,,,,56,,1679170536848,2023-03-18T16:15:36.848-04:00,25917.0402751731,1679158960592,Default Profile,FALSE
2023-03-18T20:16:42.980Z,43.2191515999782,-79.8630767104895,171.747158473861,12.33394,,0,9,gps,1.2,1.3,1.8,-35.2,,,,56,,1679170602980,2023-03-18T16:16:42.980-04:00,25990.8026797835,1679158960592,Default Profile,FALSE
2023-03-18T20:17:45.844Z,43.2191207167148,-79.8629040229499,173.332892546718,7.939287,,,6,gps,1.4,2.3,2.7,-35.2,,,,55,,1679170665844,2023-03-18T16:17:45.844-04:00,26005.211142419,1679158960592,Default Profile,FALSE
2023-03-18T20:18:49.082Z,43.2190748714625,-79.8629646822676,185.654687433944,7.2124248,31.600174,7.206362,5,gps,4,4.3,5.9,-35.2,,,,55,,1679170729082,2023-03-18T16:18:49.082-04:00,26012.292661849,1679158960592,Default Profile,FALSE
2023-03-18T20:19:55.327Z,43.2191710302399,-79.8638133609614,154.469471800621,33.729897,,0,6,gps,1.7,2.1,2.7,-35.2,,,,55,,1679170795327,2023-03-18T16:19:55.327-04:00,26081.8892244842,1679158960592,Default Profile,FALSE
2023-03-18T20:21:00.852Z,43.2144185519103,-79.8671416328216,178.215435704983,10.843393,273.49478,15.867801,9,gps,1,1.3,1.7,-35.2,,,,55,,1679170860852,2023-03-18T16:21:00.852-04:00,26675.1877171967,1679158960592,Default Profile,FALSE
2023-03-18T20:22:08.178Z,43.2193574856978,-79.8839659846748,201.482764256767,13.1004925,335.26974,17.749426,9,gps,1.1,1.7,2.1,-35.2,,,,55,,1679170928178,2023-03-18T16:22:08.178-04:00,28145.0059418744,1679158960592,Default Profile,FALSE
2023-03-18T20:23:11.856Z,43.2198630699631,-79.8849115909236,171.663967215362,25.962666,,0,9,gps,2.3,2.5,3.4,-35.2,,,,55,,1679170991856,2023-03-18T16:23:11.856-04:00,28240.0413990423,1679158960592,Default Profile,FALSE
2023-03-18T20:24:14.955Z,43.2157623,-79.8861017,195,26.787,,,0,network,,,,,,,,55,,1679171054955,2023-03-18T16:24:14.955-04:00,28706.1129358281,1679158960592,Default Profile,FALSE
2023-03-18T20:25:18.841Z,43.212533297033,-79.8886518654319,191.059444716507,19.474642,,0,5,gps,1.6,3.2,3.6,-35.2,,,,55,,1679171118841,2023-03-18T16:25:18.841-04:00,29120.3898296072,1679158960592,Default Profile,FALSE
2023-03-18T20:26:23.232Z,43.212208497474,-79.8884477614279,299.049416991557,35.98121,,0,6,gps,1.9,1.9,2.7,-35.2,,,,55,,1679171183232,2023-03-18T16:26:23.232-04:00,29160.1134878665,1679158960592,Default Profile,FALSE
2023-03-18T20:27:36.593Z,43.2094240288141,-79.8889246540434,199.142573187333,31.2769,,0,6,gps,2.4,3,3.8,-35.2,,,,55,,1679171256593,2023-03-18T16:27:36.593-04:00,29472.1351752839,1679158960592,Default Profile,FALSE
2023-03-18T20:28:39.681Z,43.2085928,-79.8885371,186.199996948242,34.897,,,0,network,,,,,,,,55,,1679171319681,2023-03-18T16:28:39.681-04:00,29569.754717533,1679158960592,Default Profile,FALSE
2023-03-18T20:29:40.625Z,43.2085419,-79.8885726,186.199996948242,33.345,,,0,network,,,,,,,,55,,1679171380625,2023-03-18T16:29:40.625-04:00,29576.1038532045,1679158960592,Default Profile,FALSE
2023-03-18T20:30:47.851Z,43.2094564901419,-79.8889193382921,227.736704585063,27.736837,,0,5,gps,4.4,5.8,7.3,-35.2,,,,55,,1679171447851,2023-03-18T16:30:47.851-04:00,29681.6128147661,1679158960592,Default Profile,FALSE
2023-03-18T20:32:00.112Z,43.2094365760318,-79.8889375600195,193.025781265946,9.214859,,0,2,gps,2.6,1,2.7,-35.2,,,,55,,1679171520112,2023-03-18T16:32:00.112-04:00,29684.27443445,1679158960592,Default Profile,FALSE
2023-03-18T20:33:10.862Z,43.2093679318909,-79.8889293442174,165.111235144307,16.814543,,0,5,gps,3.2,2.8,4.2,-35.2,,,,55,,1679171590862,2023-03-18T16:33:10.862-04:00,29691.9363021999,1679158960592,Default Profile,FALSE
2023-03-18T20:34:19.132Z,43.2092198007006,-79.8890244770911,218.154321722358,33.34843,,0,6,gps,2.3,3.1,3.8,-35.2,,,,55,,1679171659132,2023-03-18T16:34:19.132-04:00,29710.1229290165,1679158960592,Default Profile,FALSE
2023-03-18T20:35:22.647Z,43.2085614,-79.8885782,186.199996948242,36.111,,,0,network,,,,,,,,55,,1679171722647,2023-03-18T16:35:22.647-04:00,29791.7808251563,1679158960592,Default Profile,FALSE
2023-03-18T20:36:41.737Z,43.2095310955088,-79.8889815430932,198.471128725467,2.0186062,,0,4,gps,4.2,1,4.3,-35.2,,,,55,,1679171801737,2023-03-18T16:36:41.737-04:00,29904.4522980527,1679158960592,Default Profile,FALSE
2023-03-18T20:37:44.785Z,43.2085597,-79.8885452,186.199996948242,33.272,,,0,network,,,,,,,,55,,1679171864785,2023-03-18T16:37:44.785-04:00,30018.1082216754,1679158960592,Default Profile,FALSE
2023-03-18T20:38:52.896Z,43.2094297697716,-79.8889103651822,188.365034238246,10.677848,,0,4,gps,5.1,7.2,8.8,-35.2,,,,55,,1679171932896,2023-03-18T16:38:52.896-04:00,30119.2809249198,1679158960592,Default Profile,FALSE
2023-03-18T20:40:06.155Z,43.2092667621039,-79.8888355607876,220.794649674516,24.820068,,0,7,gps,1.4,1.8,2.2,-35.2,,,,55,,1679172006155,2023-03-18T16:40:06.155-04:00,30138.3935556929,1679158960592,Default Profile,FALSE
2023-03-18T20:41:15.852Z,43.2091983035251,-79.8888610114825,217.459385052505,3.6893795,,0,4,gps,5.1,1,5.2,-35.2,,,,55,,1679172075852,2023-03-18T16:41:15.852-04:00,30146.2803083156,1679158960592,Default Profile,FALSE
2023-03-18T20:42:24.175Z,43.2089954234181,-79.888981908621,226.829181025839,26.975412,,0,7,gps,2.3,1.5,2.7,-35.2,,,,55,,1679172144175,2023-03-18T16:42:24.175-04:00,30170.8754994389,1679158960592,Default Profile,FALSE
2023-03-18T20:43:32.489Z,43.2091317670828,-79.8888445025835,157.357858209349,4.955438,,0,4,gps,5.4,1,5.5,-35.2,,,,54,,1679172212489,2023-03-18T16:43:32.489-04:00,30189.6867035428,1679158960592,Default Profile,FALSE
2023-03-18T20:44:39.749Z,43.209202209254,-79.8887306006324,207.754044807175,11.519811,,0,4,gps,3.3,2.3,4,-35.2,,,,54,,1679172279749,2023-03-18T16:44:39.749-04:00,30201.7932557973,1679158960592,Default Profile,FALSE
2023-03-18T20:45:51.985Z,43.2091262510078,-79.8889299207355,296.66637549957,7.279476,,0,4,gps,3.9,5.2,6.5,-35.2,,,,54,,1679172351985,2023-03-18T16:45:51.985-04:00,30220.0220528814,1679158960592,Default Profile,FALSE
2023-03-18T20:46:59.863Z,43.2090902770107,-79.8888222422751,258.78161622241,0.31463778,,,4,gps,6.7,1,6.7,-35.2,,,,54,,1679172419863,2023-03-18T16:46:59.863-04:00,30229.6220019389,1679158960592,Default Profile,FALSE
2023-03-18T20:48:14.203Z,43.2090071328329,-79.8885177620638,96.3342543716532,26.651213,,0,4,gps,1.9,2.6,3.2,-35.2,,,,54,,1679172494203,2023-03-18T16:48:14.203-04:00,30255.9738011809,1679158960592,Default Profile,FALSE
2023-03-18T20:49:24.424Z,43.2089718988677,-79.8887062903806,153.379879475602,12.516452,,0,5,gps,2.1,1,2.4,-35.2,,,,54,,1679172564424,2023-03-18T16:49:24.424-04:00,30271.7475018086,1679158960592,Default Profile,FALSE
2023-03-18T20:50:34.227Z,43.2090935586881,-79.8886658723754,169.131252812681,6.2406664,,0,6,gps,2.7,1.7,3.2,-35.2,,,,54,,1679172634227,2023-03-18T16:50:34.227-04:00,30285.6664020744,1679158960592,Default Profile,FALSE
2023-03-18T20:51:46.243Z,43.2088718991859,-79.8886107737971,175.966326356386,24.702156,,0,7,gps,1.6,2.2,2.7,-35.2,,,,54,,1679172706243,2023-03-18T16:51:46.243-04:00,30310.7150672562,1679158960592,Default Profile,FALSE
2023-03-18T20:53:05.850Z,43.2090859045978,-79.8888084619577,179.349076305664,5.941918,,0,5,gps,5.3,1,5.3,-35.2,,,,54,,1679172785850,2023-03-18T16:53:05.850-04:00,30339.4023787291,1679158960592,Default Profile,FALSE
2023-03-18T20:54:18.856Z,43.2089395018983,-79.8888720552609,205.609832286785,18.55527,,0,6,gps,4.5,2.8,5.3,-35.2,,,,54,,1679172858856,2023-03-18T16:54:18.856-04:00,30356.478000929,1679158960592,Default Profile,FALSE
2023-03-18T20:55:28.219Z,43.2089731081119,-79.8887431747238,202.272691951984,3.9337606,,0,5,gps,1.6,1.9,2.5,-35.2,,,,54,,1679172928219,2023-03-18T16:55:28.219-04:00,30367.571534847,1679158960592,Default Profile,FALSE
2023-03-18T20:56:33.513Z,43.2089784083291,-79.888672416158,206.492178485644,4.82428,,0,6,gps,1.9,1.4,2.4,-35.2,,,,54,,1679172993513,2023-03-18T16:56:33.513-04:00,30373.3364162802,1679158960592,Default Profile,FALSE
2023-03-18T20:57:45.843Z,43.2089600703376,-79.8888467604229,244.326131668147,11.367748,,0,3,gps,3.2,4,5.1,-35.2,,,,54,,1679173065843,2023-03-18T16:57:45.843-04:00,30387.612642044,1679158960592,Default Profile,FALSE
2023-03-18T20:58:54.162Z,43.2088920457479,-79.8887638731615,247.661184738324,12.9668665,,0,6,gps,3.2,1.5,3.5,-35.2,,,,54,,1679173134162,2023-03-18T16:58:54.162-04:00,30397.7290098234,1679158960592,Default Profile,FALSE
2023-03-18T21:00:03.864Z,43.2089373652702,-79.8886105343253,175.064792368638,5.286963,,0,6,gps,2.5,1.6,2.9,-35.2,,,,54,,1679173203864,2023-03-18T17:00:03.864-04:00,30411.1393197448,1679158960592,Default Profile,FALSE
2023-03-18T21:01:07.638Z,43.2085041,-79.8884055,186.199996948242,37.381,,,0,network,,,,,,,,54,,1679173267638,2023-03-18T17:01:07.638-04:00,30462.1015175072,1679158960592,Default Profile,FALSE
2023-03-18T21:02:16.791Z,43.2088096471694,-79.8888309233599,251.553372157952,20.889435,,0,5,gps,4.4,3.3,5.5,-35.2,,,,54,,1679173336791,2023-03-18T17:02:16.791-04:00,30510.5072593448,1679158960592,Default Profile,FALSE
2023-03-18T21:03:28.096Z,43.2086244471118,-79.888749497547,211.997338297114,24.393152,,0,5,gps,8.2,5.2,9.7,-35.2,,,,54,,1679173408096,2023-03-18T17:03:28.096-04:00,30532.1321117387,1679158960592,Default Profile,FALSE
2023-03-18T21:04:34.406Z,43.2086876787136,-79.8887691816738,213.069900415358,17.783682,,0,9,gps,1.2,1.1,1.6,-35.2,,,,54,,1679173474406,2023-03-18T17:04:34.406-04:00,30539.3418608153,1679158960592,Default Profile,FALSE
2023-03-18T21:05:37.865Z,43.2091081187986,-79.8888833997432,160.36398887569,32.631714,,0,6,gps,3.1,17.9,18.2,-35.2,,,,54,,1679173537865,2023-03-18T17:05:37.865-04:00,30587.0003101775,1679158960592,Default Profile,FALSE
2023-03-18T21:06:44.341Z,43.2086752301176,-79.8900985648724,199.69325142306,6.2923026,,0,7,gps,1.2,3.1,3.3,-35.2,,,,54,,1679173604341,2023-03-18T17:06:44.341-04:00,30696.618213206,1679158960592,Default Profile,TRUE
2023-03-18T21:07:44.999Z,43.2088491758003,-79.8901277024596,197.33353836281,4.1951175,21.071968,7.440949,13,gps,0.8,1.1,1.4,-35.2,,,,54,,1679173664999,2023-03-18T17:07:44.999-04:00,30716.1037162615,1679158960592,Default Profile,TRUE
2023-03-18T21:08:45.999Z,43.2107111855824,-79.8893320371902,193.562539295819,4.2015705,7.6723814,0,13,gps,0.8,1.1,1.4,-35.2,,,,54,,1679173725999,2023-03-18T17:08:45.999-04:00,30932.9591969335,1679158960592,Default Profile,TRUE
2023-03-18T21:09:46.999Z,43.2161757716846,-79.8869135156769,194.464129249036,4.2076497,18.923176,15.919358,13,gps,0.8,1.1,1.4,-35.2,,,,55,,1679173786999,2023-03-18T17:09:46.999-04:00,31571.421383797,1679158960592,Default Profile,TRUE
2023-03-18T21:10:47.999Z,43.2195282841953,-79.8885146566624,186.594648659559,4.5520167,288.00452,21.306293,12,gps,0.9,1.1,1.4,-35.2,,,,55,,1679173847999,2023-03-18T17:10:47.999-04:00,31966.1376204641,1679158960592,Default Profile,TRUE
2023-03-18T21:11:48.999Z,43.2237001494037,-79.9051968875665,186.517802553548,6.3479943,288.64706,26.414759,8,gps,0.9,1.2,1.5,-35.2,,,,55,,1679173908999,2023-03-18T17:11:48.999-04:00,33395.2640895739,1679158960592,Default Profile,TRUE
2023-03-18T21:12:49.999Z,43.2277975703659,-79.9217994574851,194.32756082636,5.5582995,286.9691,26.401962,11,gps,0.9,1.1,1.4,-35.2,,,,56,,1679173969999,2023-03-18T17:12:49.999-04:00,34815.5234353687,1679158960592,Default Profile,TRUE
2023-03-18T21:13:50.999Z,43.2307824165078,-79.9386940991875,199.360764857354,6.0345488,280.01227,19.48315,12,gps,0.9,1.1,1.4,-35.2,,,,56,,1679174030999,2023-03-18T17:13:50.999-04:00,36223.969706468,1679158960592,Default Profile,TRUE
2023-03-18T21:14:50.999Z,43.2378887312551,-79.9485105192696,164.638793932338,7.5956564,356.5984,29.529974,12,gps,0.9,1,1.3,-35.2,,,,57,,1679174090999,2023-03-18T17:14:50.999-04:00,37345.0464134728,1679158960592,Default Profile,TRUE
2023-03-18T21:15:51.999Z,43.2458659932761,-79.9352350696156,115.907419944688,5.8462195,78.1748,26.597984,9,gps,0.9,1.2,1.5,-35.2,,,,57,,1679174151999,2023-03-18T17:15:51.999-04:00,38739.0243989564,1679158960592,Default Profile,TRUE
2023-03-18T21:16:52.999Z,43.2501820316153,-79.9165741825361,66.2009667578462,7.235371,32.020977,28.122831,11,gps,0.9,1.1,1.4,-35.2,,,,57,,1679174212999,2023-03-18T17:16:52.999-04:00,40324.8057820784,1679158960592,Default Profile,TRUE
2023-03-18T21:17:53.999Z,43.2536936203898,-79.9031635589891,65.4056939407864,7.4019685,115.1658,13.991542,11,gps,0.9,1.1,1.5,-35.2,,,,58,,1679174273999,2023-03-18T17:17:53.999-04:00,41478.9707053201,1679158960592,Default Profile,TRUE
2023-03-18T21:18:54.999Z,43.2539595637117,-79.9023694007094,60.4141741950868,5.4337387,18.966295,13.60859,12,gps,0.9,1.1,1.4,-35.2,,,,58,,1679174334999,2023-03-18T17:18:54.999-04:00,41549.7590729172,1679158960592,Default Profile,TRUE
2023-03-18T21:19:55.999Z,43.2591848673009,-79.9025754220421,60.7608323772696,2.0761976,277.94543,9.622398,10,gps,0.9,1.1,1.4,-35.2,,,,58,,1679174395999,2023-03-18T17:19:55.999-04:00,42131.0258135774,1679158960592,Default Profile,TRUE
2023-03-18T21:20:59.150Z,43.2583059,-79.9103638,62.9000015258789,28.09,,,0,network,,,,,,,,58,,1679174459150,2023-03-18T17:20:59.150-04:00,42769.2529614921,1679158960592,Default Profile,TRUE
2023-03-18T21:21:57.999Z,43.2579037271001,-79.9162612705687,58.558163956167,5.167824,269.19528,8.592825,10,gps,0.9,1.1,1.4,-35.2,,,,60,,1679174517999,2023-03-18T17:21:57.999-04:00,43248.9215168163,1679158960592,Default Profile,TRUE
2023-03-18T21:22:58.999Z,43.2559646607669,-79.9190967140011,60.1948076179344,2.1317997,243.73724,4.523217,12,gps,0.9,1.1,1.4,-35.2,,,,60,,1679174578999,2023-03-18T17:22:58.999-04:00,43563.9052434139,1679158960592,Default Profile,TRUE
2023-03-18T21:24:02.105Z,43.2530065,-79.9200906,63,18.87,,,0,network,,,,,,,,60,,1679174642105,2023-03-18T17:24:02.105-04:00,43902.5425380433,1679158960592,Default Profile,TRUE
2023-03-18T21:25:00.395Z,43.2531622822392,-79.9200624647678,75.102225726257,11.064105,,0,10,gps,1.6,1.7,2.4,-35.3,,,,61,,1679174700395,2023-03-18T17:25:00.395-04:00,43920.0139546636,1679158960592,Default Profile,FALSE
2023-03-18T21:26:04.746Z,43.2530087,-79.9200401,63.4000015258789,13.618,,,0,network,,,,,,,,61,,1679174764746,2023-03-18T17:26:04.746-04:00,43937.1873033568,1679158960592,Default Profile,FALSE
2023-03-18T21:27:05.669Z,43.2529939,-79.9200383,63.4000015258789,14.238,,,0,network,,,,,,,,61,,1679174825669,2023-03-18T17:27:05.669-04:00,43938.8394322083,1679158960592,Default Profile,FALSE
2023-03-18T21:28:06.632Z,43.2530163,-79.9200619,63.4000015258789,13.71,,,0,network,,,,,,,,60,,1679174886632,2023-03-18T17:28:06.632-04:00,43941.9790139019,1679158960592,Default Profile,FALSE
2023-03-18T21:29:07.659Z,43.2530082,-79.9200602,63.4000015258789,15.323,,,0,network,,,,,,,,60,,1679174947659,2023-03-18T17:29:07.659-04:00,43942.8901548167,1679158960592,Default Profile,FALSE
2023-03-18T21:30:08.718Z,43.2529991,-79.9200462,63.4000015258789,15.257,,,0,network,,,,,,,,60,,1679175008718,2023-03-18T17:30:08.718-04:00,43944.4098380281,1679158960592,Default Profile,FALSE
2023-03-18T21:31:09.722Z,43.2530022,-79.9200729,63.4000015258789,17.528,,,0,network,,,,,,,,60,,1679175069722,2023-03-18T17:31:09.722-04:00,43946.5994978888,1679158960592,Default Profile,FALSE
2023-03-18T21:32:10.715Z,43.2530003,-79.9200494,63.4000015258789,15.023,,,0,network,,,,,,,,60,,1679175130715,2023-03-18T17:32:10.715-04:00,43948.514386731,1679158960592,Default Profile,FALSE
2023-03-18T21:33:11.724Z,43.2529993,-79.9200528,63.4000015258789,19.905,,,0,network,,,,,,,,60,,1679175191724,2023-03-18T17:33:11.724-04:00,43948.811347068,1679158960592,Default Profile,FALSE
2023-03-18T21:34:12.977Z,43.2530004,-79.9200538,63.4000015258789,19.206,,,0,network,,,,,,,,60,,1679175252977,2023-03-18T17:34:12.977-04:00,43948.9580431435,1679158960592,Default Profile,FALSE
2023-03-18T21:35:13.985Z,43.2530042,-79.9200413,63.4000015258789,11.604,,,0,network,,,,,,,,60,,1679175313985,2023-03-18T17:35:13.985-04:00,43950.0550262935,1679158960592,Default Profile,FALSE
2023-03-18T21:36:15.689Z,43.2530117,-79.9200634,63.4000015258789,17.644,,,0,network,,,,,,,,60,,1679175375689,2023-03-18T17:36:15.689-04:00,43952.0295982548,1679158960592,Default Profile,FALSE
2023-03-18T21:37:16.712Z,43.2529993,-79.9200478,63.4000015258789,13.885,,,0,network,,,,,,,,60,,1679175436712,2023-03-18T17:37:16.712-04:00,43953.8997093095,1679158960592,Default Profile,FALSE
2023-03-18T21:38:17.685Z,43.253004,-79.9200703,63.4000015258789,17.427,,,0,network,,,,,,,,60,,1679175497685,2023-03-18T17:38:17.685-04:00,43955.7953836882,1679158960592,Default Profile,FALSE
2023-03-18T21:39:18.739Z,43.2529977,-79.9200435,63.4000015258789,19.051,,,0,network,,,,,,,,60,,1679175558739,2023-03-18T17:39:18.739-04:00,43958.0760895003,1679158960592,Default Profile,FALSE
2023-03-18T21:40:19.667Z,43.2529947,-79.9200509,63.4000015258789,15.451,,,0,network,,,,,,,,60,,1679175619667,2023-03-18T17:40:19.667-04:00,43958.7619797088,1679158960592,Default Profile,FALSE
2023-03-18T21:41:20.744Z,43.2529873,-79.9200392,63.4000015258789,17.812,,,0,network,,,,,,,,60,,1679175680744,2023-03-18T17:41:20.744-04:00,43960.0169381565,1679158960592,Default Profile,FALSE
2023-03-18T21:42:21.693Z,43.2530018,-79.9200442,63.4000015258789,12.762,,,0,network,,,,,,,,60,,1679175741693,2023-03-18T17:42:21.693-04:00,43961.6793369046,1679158960592,Default Profile,FALSE
2023-03-18T21:43:22.753Z,43.2529991,-79.9200581,63.4000015258789,18.063,,,0,network,,,,,,,,60,,1679175802753,2023-03-18T17:43:22.753-04:00,43962.8444055674,1679158960592,Default Profile,FALSE
2023-03-18T21:44:23.718Z,43.2530036,-79.9200451,63.4000015258789,14.919,,,0,network,,,,,,,,60,,1679175863718,2023-03-18T17:44:23.718-04:00,43964.0100963313,1679158960592,Default Profile,FALSE
2023-03-18T21:45:25.670Z,43.2530114,-79.9200577,63.4000015258789,22.751,,,0,network,,,,,,,,60,,1679175925670,2023-03-18T17:45:25.670-04:00,43965.3493270085,1679158960592,Default Profile,FALSE
2023-03-18T21:46:26.657Z,43.2529999,-79.920049,63.4000015258789,16.914,,,0,network,,,,,,,,60,,1679175986657,2023-03-18T17:46:26.657-04:00,43966.8093355293,1679158960592,Default Profile,FALSE
2023-03-18T21:47:27.701Z,43.2529941,-79.9200598,63.4000015258789,17.107,,,0,network,,,,,,,,60,,1679176047701,2023-03-18T17:47:27.701-04:00,43967.8960590892,1679158960592,Default Profile,FALSE
2023-03-18T21:48:28.730Z,43.252999,-79.9200504,63.4000015258789,15.42,,,0,network,,,,,,,,60,,1679176108730,2023-03-18T17:48:28.730-04:00,43968.8322286642,1679158960592,Default Profile,FALSE
2023-03-18T21:49:29.704Z,43.2530012,-79.9200632,63.4000015258789,18.031,,,0,network,,,,,,,,60,,1679176169704,2023-03-18T17:49:29.704-04:00,43969.8973375433,1679158960592,Default Profile,FALSE
2023-03-18T21:50:30.696Z,43.2530019,-79.920051,63.4000015258789,15.636,,,0,network,,,,,,,,60,,1679176230696,2023-03-18T17:50:30.696-04:00,43970.8884421304,1679158960592,Default Profile,FALSE
2023-03-18T21:51:31.767Z,43.2529929,-79.9200499,63.4000015258789,19.453,,,0,network,,,,,,,,60,,1679176291767,2023-03-18T17:51:31.767-04:00,43971.8931538024,1679158960592,Default Profile,FALSE
2023-03-18T21:52:32.698Z,43.2530023,-79.920036,63.4000015258789,21.601,,,0,network,,,,,,,,60,,1679176352698,2023-03-18T17:52:32.698-04:00,43973.4293047901,1679158960592,Default Profile,FALSE
2023-03-18T21:53:33.681Z,43.2530027,-79.9200571,63.4000015258789,17.2,,,0,network,,,,,,,,60,,1679176413681,2023-03-18T17:53:33.681-04:00,43975.1387126937,1679158960592,Default Profile,FALSE
2023-03-18T21:54:34.724Z,43.2529959,-79.9200456,63.4000015258789,16.542,,,0,network,,,,,,,,60,,1679176474724,2023-03-18T17:54:34.724-04:00,43976.3383556111,1679158960592,Default Profile,FALSE
2023-03-18T21:55:36.779Z,43.2530037,-79.920045,63.4000015258789,14.917,,,0,network,,,,,,,,60,,1679176536779,2023-03-18T17:55:36.779-04:00,43977.2070361829,1679158960592,Default Profile,FALSE
2023-03-18T21:56:39.243Z,43.2529985,-79.9200388,63.4000015258789,20,,,0,network,,,,,,,,60,,1679176599243,2023-03-18T17:56:39.243-04:00,43977.9728402788,1679158960592,Default Profile,FALSE
2023-03-18T21:57:40.212Z,43.2530073,-79.9200492,63.4000015258789,11.953,,,0,network,,,,,,,,58,,1679176660212,2023-03-18T17:57:40.212-04:00,43979.2639270899,1679158960592,Default Profile,FALSE
2023-03-18T21:58:40.992Z,43.2529977,-79.9200432,63.4000015258789,20,,,0,network,,,,,,,,58,,1679176720992,2023-03-18T17:58:40.992-04:00,43980.4367937118,1679158960592,Default Profile,FALSE
2023-03-18T21:59:42.120Z,43.2530076,-79.9200451,63.4000015258789,20,,,0,network,,,,,,,,58,,1679176782120,2023-03-18T17:59:42.120-04:00,43981.5483259395,1679158960592,Default Profile,FALSE
2023-03-18T22:00:42.935Z,43.2529968,-79.9200409,63.4000015258789,20,,,0,network,,,,,,,,58,,1679176842935,2023-03-18T18:00:42.935-04:00,43982.796473639,1679158960592,Default Profile,FALSE
2023-03-18T22:01:43.940Z,43.2530025,-79.9200457,63.4000015258789,12.039,,,0,network,,,,,,,,58,,1679176903940,2023-03-18T18:01:43.940-04:00,43983.5400017388,1679158960592,Default Profile,FALSE
2023-03-18T22:02:44.772Z,43.2530038,-79.9200471,63.4000015258789,12.012,,,0,network,,,,,,,,58,,1679176964772,2023-03-18T18:02:44.772-04:00,43983.7237166571,1679158960592,Default Profile,FALSE
2023-03-18T22:03:45.608Z,43.2530094,-79.9200698,63.4000015258789,15.639,,,0,network,,,,,,,,58,,1679177025608,2023-03-18T18:03:45.608-04:00,43985.6647191332,1679158960592,Default Profile,FALSE
2023-03-18T22:04:46.430Z,43.2530007,-79.9200446,63.4000015258789,13.999,,,0,network,,,,,,,,58,,1679177086430,2023-03-18T18:04:46.430-04:00,43987.9232654388,1679158960592,Default Profile,FALSE
2023-03-18T22:05:47.222Z,43.2530014,-79.9200478,63.4000015258789,16.135,,,0,network,,,,,,,,58,,1679177147222,2023-03-18T18:05:47.222-04:00,43988.1938608276,1679158960592,Default Profile,FALSE
2023-03-18T22:06:48.089Z,43.2530075,-79.920043,63.4000015258789,12.954,,,0,network,,,,,,,,57,,1679177208089,2023-03-18T18:06:48.089-04:00,43988.9756495218,1679158960592,Default Profile,FALSE
2023-03-18T22:07:48.932Z,43.2529967,-79.9200414,63.4000015258789,20,,,0,network,,,,,,,,57,,1679177268932,2023-03-18T18:07:48.932-04:00,43990.1835254082,1679158960592,Default Profile,FALSE
2023-03-18T22:08:49.755Z,43.253003,-79.9200561,63.4000015258789,15.718,,,0,network,,,,,,,,57,,1679177329755,2023-03-18T18:08:49.755-04:00,43991.5648497118,1679158960592,Default Profile,FALSE
2023-03-18T22:09:50.557Z,43.2529986,-79.9200392,63.4000015258789,12.381,,,0,network,,,,,,,,57,,1679177390557,2023-03-18T18:09:50.557-04:00,43993.0183511817,1679158960592,Default Profile,FALSE
2023-03-18T22:10:51.377Z,43.2529961,-79.9200397,63.4000015258789,12.59,,,0,network,,,,,,,,57,,1679177451377,2023-03-18T18:10:51.377-04:00,43993.2992723071,1679158960592,Default Profile,FALSE
2023-03-18T22:11:52.200Z,43.2530069,-79.9200606,63.4000015258789,15.649,,,0,network,,,,,,,,56,,1679177512200,2023-03-18T18:11:52.200-04:00,43995.3746459048,1679158960592,Default Profile,FALSE
2023-03-18T22:12:53.700Z,43.2530018,-79.9200563,63.4000015258789,16.036,,,0,network,,,,,,,,56,,1679177573700,2023-03-18T18:12:53.700-04:00,43996.0401308292,1679158960592,Default Profile,FALSE
2023-03-18T22:13:54.732Z,43.2530025,-79.9200413,63.4000015258789,15.766,,,0,network,,,,,,,,56,,1679177634732,2023-03-18T18:13:54.732-04:00,43997.2574293511,1679158960592,Default Profile,FALSE
2023-03-18T22:14:54.985Z,43.2530021,-79.9200406,63.4000015258789,12.853,,,0,network,,,,,,,,56,,1679177694985,2023-03-18T18:14:54.985-04:00,43997.3294860027,1679158960592,Default Profile,FALSE
2023-03-18T22:15:56.014Z,43.2530021,-79.9200406,63.4000015258789,12.853,,,0,network,,,,,,,,56,,1679177756014,2023-03-18T18:15:56.014-04:00,43997.3294860027,1679158960592,Default Profile,FALSE
