long,lat,fid,route_point_id,ele,time,magvar,geoidheight,name,cmt,desc,src,link1_href,link1_text,link1_type,link2_href,link2_text,link2_type,sym,type,fix,sat,hdop,vdop,pdop,ageofdgpsdata,dgpsid
-1.153982,54.255303,0,27,121,1/1/2020 11:00,,,,,,,,,,,,,,,,,,,,,
-1.076956,54.243984,0,65,87,1/1/2020 11:01,,,,,,,,,,,,,,,,,,,,,
-1.109034,54.247468,0,50,120,1/1/2020 11:01,,,,,,,,,,,,,,,,,,,,,
-1.193265,54.244078,0,9,267,1/1/2020 11:02,,,,,,,,,,,,,,,,,,,,,
-1.091036,54.243868,0,58,132,1/1/2020 11:04,,,,,,,,,,,,,,,,,,,,,
-1.166263,54.254828,0,21,192,1/1/2020 11:05,,,,,,,,,,,,,,,,,,,,,
-1.088109,54.244506,0,59,118,1/1/2020 11:10,,,,,,,,,,,,,,,,,,,,,
-1.198605,54.242516,0,7,269,1/1/2020 11:10,,,,,,,,,,,,,,,,,,,,,
-1.191182,54.244478,0,10,262,1/1/2020 11:11,,,,,,,,,,,,,,,,,,,,,
-1.112083,54.249147,0,47,95,1/1/2020 11:15,,,,,,,,,,,,,,,,,,,,,
-1.064278,54.247137,0,71,59,1/1/2020 11:16,,,,,,,,,,,,,,,,,,,,,
-1.077337,54.245018,0,66,99,1/1/2020 11:18,,,,,,,,,,,,,,,,,,,,,
-1.120285,54.251116,0,42,78,1/1/2020 11:19,,,,,,,,,,,,,,,,,,,,,
-1.121302,54.251603,0,41,78,1/1/2020 11:22,,,,,,,,,,,,,,,,,,,,,
-1.184597,54.253958,0,15,242,1/1/2020 11:22,,,,,,,,,,,,,,,,,,,,,
-1.182026,54.253687,0,17,232,1/1/2020 11:26,,,,,,,,,,,,,,,,,,,,,
-1.111141,54.248797,0,48,99,1/1/2020 11:26,,,,,,,,,,,,,,,,,,,,,
-1.113702,54.249103,0,45,82,1/1/2020 11:28,,,,,,,,,,,,,,,,,,,,,
-1.198934,54.243448,0,8,272,1/1/2020 11:28,,,,,,,,,,,,,,,,,,,,,
-1.187179,54.251628,0,13,252,1/1/2020 11:32,,,,,,,,,,,,,,,,,,,,,
-1.086728,54.244626,0,60,120,1/1/2020 11:33,,,,,,,,,,,,,,,,,,,,,
-1.158646,54.253947,0,24,138,1/1/2020 11:33,,,,,,,,,,,,,,,,,,,,,
-1.155416,54.255196,0,26,129,1/1/2020 11:34,,,,,,,,,,,,,,,,,,,,,
-1.099593,54.244048,0,55,142,1/1/2020 11:37,,,,,,,,,,,,,,,,,,,,,
-1.078537,54.244278,0,64,91,1/1/2020 11:39,,,,,,,,,,,,,,,,,,,,,
-1.192865,54.248816,0,12,271,1/1/2020 11:40,,,,,,,,,,,,,,,,,,,,,
-1.108073,54.246328,0,51,127,1/1/2020 11:41,,,,,,,,,,,,,,,,,,,,,
-1.123119,54.252258,0,40,79,1/1/2020 11:41,,,,,,,,,,,,,,,,,,,,,
-1.112992,54.248908,0,46,83,1/1/2020 11:44,,,,,,,,,,,,,,,,,,,,,
-1.137912,54.254288,0,31,99,1/1/2020 11:46,,,,,,,,,,,,,,,,,,,,,
-1.187892,54.253543,0,14,253,1/1/2020 11:46,,,,,,,,,,,,,,,,,,,,,
-1.183045,54.253586,0,16,238,1/1/2020 11:47,,,,,,,,,,,,,,,,,,,,,
-1.161702,54.254853,0,22,172,1/1/2020 11:51,,,,,,,,,,,,,,,,,,,,,
-1.133327,54.253157,0,35,100,1/1/2020 11:54,,,,,,,,,,,,,,,,,,,,,
-1.192238,54.247416,0,11,272,1/1/2020 11:54,,,,,,,,,,,,,,,,,,,,,
-1.12707,54.252098,0,38,87,1/1/2020 11:55,,,,,,,,,,,,,,,,,,,,,
-1.069345,54.246237,0,69,73,1/1/2020 11:56,,,,,,,,,,,,,,,,,,,,,
-1.20074,54.239765,0,4,281,1/1/2020 11:58,,,,,,,,,,,,,,,,,,,,,
-1.136657,54.253358,0,33,101,1/1/2020 11:59,,,,,,,,,,,,,,,,,,,,,
-1.209012,54.236313,0,0,254,1/1/2020 12:11,,,,,,,,,,,,,,,,,,,,,
-1.116386,54.250327,0,43,80,1/1/2020 12:13,,,,,,,,,,,,,,,,,,,,,
-1.107592,54.245513,0,52,131,1/1/2020 12:13,,,,,,,,,,,,,,,,,,,,,
-1.096669,54.243336,0,56,141,1/1/2020 12:15,,,,,,,,,,,,,,,,,,,,,
-1.103759,54.244716,0,54,145,1/1/2020 12:16,,,,,,,,,,,,,,,,,,,,,
-1.148168,54.254367,0,29,111,1/1/2020 12:18,,,,,,,,,,,,,,,,,,,,,
-1.150685,54.255236,0,28,118,1/1/2020 12:22,,,,,,,,,,,,,,,,,,,,,
-1.160317,54.254676,0,23,161,1/1/2020 12:23,,,,,,,,,,,,,,,,,,,,,
-1.134852,54.253573,0,34,94,1/1/2020 12:24,,,,,,,,,,,,,,,,,,,,,
-1.20765,54.236885,0,1,292,1/1/2020 12:25,,,,,,,,,,,,,,,,,,,,,
-1.095102,54.243308,0,57,143,1/1/2020 12:27,,,,,,,,,,,,,,,,,,,,,
-1.114756,54.249477,0,44,80,1/1/2020 12:28,,,,,,,,,,,,,,,,,,,,,
-1.083237,54.244198,0,62,106,1/1/2020 12:28,,,,,,,,,,,,,,,,,,,,,
-1.197452,54.240373,0,5,274,1/1/2020 12:34,,,,,,,,,,,,,,,,,,,,,
-1.131795,54.252578,0,36,97,1/1/2020 12:34,,,,,,,,,,,,,,,,,,,,,
-1.179959,54.253026,0,19,231,1/1/2020 12:35,,,,,,,,,,,,,,,,,,,,,
-1.065253,54.246857,0,70,60,1/1/2020 12:36,,,,,,,,,,,,,,,,,,,,,
-1.071356,54.245677,0,68,82,1/1/2020 12:36,,,,,,,,,,,,,,,,,,,,,
-1.110072,54.247997,0,49,106,1/1/2020 12:37,,,,,,,,,,,,,,,,,,,,,
-1.081887,54.244098,0,63,100,1/1/2020 12:38,,,,,,,,,,,,,,,,,,,,,
-1.125482,54.252377,0,39,84,1/1/2020 12:38,,,,,,,,,,,,,,,,,,,,,
-1.20274,54.239255,0,3,286,1/1/2020 12:40,,,,,,,,,,,,,,,,,,,,,
-1.106952,54.244928,0,53,131,1/1/2020 12:40,,,,,,,,,,,,,,,,,,,,,
-1.139478,54.254426,0,30,109,1/1/2020 12:41,,,,,,,,,,,,,,,,,,,,,
-1.180945,54.253267,0,18,229,1/1/2020 12:41,,,,,,,,,,,,,,,,,,,,,
-1.137179,54.254076,0,32,98,1/1/2020 12:47,,,,,,,,,,,,,,,,,,,,,
-1.204498,54.238514,0,2,291,1/1/2020 12:49,,,,,,,,,,,,,,,,,,,,,
-1.085502,54.244623,0,61,119,1/1/2020 12:50,,,,,,,,,,,,,,,,,,,,,
-1.157385,54.254538,0,25,130,1/1/2020 12:51,,,,,,,,,,,,,,,,,,,,,
-1.168092,54.254688,0,20,197,1/1/2020 12:52,,,,,,,,,,,,,,,,,,,,,
-1.197103,54.241328,0,6,269,1/1/2020 12:53,,,,,,,,,,,,,,,,,,,,,
-1.072815,54.245426,0,67,87,1/1/2020 12:55,,,,,,,,,,,,,,,,,,,,,
-1.128482,54.252108,0,37,92,1/1/2020 13:04,,,,,,,,,,,,,,,,,,,,,
-1.215109,54.225237,1,14,260,1/1/2020 13:04,,,,,,,,,,,,,,,,,,,,,
-1.217682,54.226443,1,12,242,1/1/2020 13:07,,,,,,,,,,,,,,,,,,,,,
-1.207855,54.234108,1,3,275,1/1/2020 13:07,,,,,,,,,,,,,,,,,,,,,
-1.209902,54.231198,1,7,280,1/1/2020 13:08,,,,,,,,,,,,,,,,,,,,,
-1.211416,54.229694,1,9,275,1/1/2020 13:08,,,,,,,,,,,,,,,,,,,,,
-1.217317,54.225806,1,13,249,1/1/2020 13:12,,,,,,,,,,,,,,,,,,,,,
-1.217225,54.227077,1,11,250,1/1/2020 13:13,,,,,,,,,,,,,,,,,,,,,
-1.209016,54.232474,1,5,272,1/1/2020 13:15,,,,,,,,,,,,,,,,,,,,,
-1.212209,54.225128,1,16,266,1/1/2020 13:16,,,,,,,,,,,,,,,,,,,,,
-1.208317,54.235916,1,1,270,1/1/2020 13:18,,,,,,,,,,,,,,,,,,,,,
-1.207936,54.235197,1,2,270,1/1/2020 13:19,,,,,,,,,,,,,,,,,,,,,
-1.211161,54.230207,1,8,270,1/1/2020 13:19,,,,,,,,,,,,,,,,,,,,,
-1.210922,54.225398,1,17,272,1/1/2020 13:19,,,,,,,,,,,,,,,,,,,,,
-1.21365,54.225268,1,15,268,1/1/2020 13:22,,,,,,,,,,,,,,,,,,,,,
-1.209649,54.231697,1,6,274,1/1/2020 13:24,,,,,,,,,,,,,,,,,,,,,
-1.212355,54.229158,1,10,271,1/1/2020 13:28,,,,,,,,,,,,,,,,,,,,,
-1.209473,54.225217,1,18,267,1/1/2020 13:31,,,,,,,,,,,,,,,,,,,,,
-1.208536,54.233386,1,4,269,1/1/2020 13:33,,,,,,,,,,,,,,,,,,,,,
-1.209011,54.236317,1,0,254,1/1/2020 13:37,,,,,,,,,,,,,,,,,,,,,
-0.329478,54.235516,2,14,74,1/1/2020 13:37,,,,,,,,,,,,,,,,,,,,,
-0.437583,54.350668,2,148,84,1/1/2020 13:37,,,,,,,,,,,,,,,,,,,,,
-0.433225,54.342286,2,139,30,1/1/2020 13:38,,,,,,,,,,,,,,,,,,,,,
-0.371337,54.252457,2,38,34,1/1/2020 13:40,,,,,,,,,,,,,,,,,,,,,
-0.342905,54.241017,2,21,54,1/1/2020 13:40,,,,,,,,,,,,,,,,,,,,,
-0.388591,54.290487,2,75,10,1/1/2020 13:41,,,,,,,,,,,,,,,,,,,,,
-0.445649,54.356076,2,156,103,1/1/2020 13:42,,,,,,,,,,,,,,,,,,,,,
-0.384455,54.287847,2,72,0,1/1/2020 13:42,,,,,,,,,,,,,,,,,,,,,
-0.413562,54.306417,2,95,25,1/1/2020 13:43,,,,,,,,,,,,,,,,,,,,,
-0.378452,54.261758,2,49,53,1/1/2020 13:45,,,,,,,,,,,,,,,,,,,,,
-0.390319,54.266356,2,57,60,1/1/2020 13:46,,,,,,,,,,,,,,,,,,,,,
-0.327082,54.235288,2,13,65,1/1/2020 13:46,,,,,,,,,,,,,,,,,,,,,
-0.395575,54.288198,2,78,0,1/1/2020 13:47,,,,,,,,,,,,,,,,,,,,,
-0.351622,54.240443,2,25,68,1/1/2020 13:51,,,,,,,,,,,,,,,,,,,,,
-0.431916,54.343957,2,141,26,1/1/2020 13:52,,,,,,,,,,,,,,,,,,,,,
-0.398359,54.276366,2,62,33,1/1/2020 13:52,,,,,,,,,,,,,,,,,,,,,
-0.420638,54.317426,2,108,42,1/1/2020 13:53,,,,,,,,,,,,,,,,,,,,,
-0.420343,54.312488,2,103,35,1/1/2020 13:54,,,,,,,,,,,,,,,,,,,,,
-0.363085,54.243666,2,31,35,1/1/2020 13:55,,,,,,,,,,,,,,,,,,,,,
-0.339127,54.239348,2,18,53,1/1/2020 13:58,,,,,,,,,,,,,,,,,,,,,
-0.357395,54.242258,2,28,28,1/1/2020 13:59,,,,,,,,,,,,,,,,,,,,,
-0.396986,54.288206,2,79,1,1/1/2020 14:01,,,,,,,,,,,,,,,,,,,,,
-0.391717,54.282898,2,67,0,1/1/2020 14:07,,,,,,,,,,,,,,,,,,,,,
-0.408366,54.295364,2,84,2,1/1/2020 14:08,,,,,,,,,,,,,,,,,,,,,
-0.447628,54.356746,2,157,96,1/1/2020 14:11,,,,,,,,,,,,,,,,,,,,,
-0.436424,54.350008,2,147,79,1/1/2020 14:12,,,,,,,,,,,,,,,,,,,,,
-0.379943,54.261887,2,50,55,1/1/2020 14:14,,,,,,,,,,,,,,,,,,,,,
-0.387758,54.290517,2,74,2,1/1/2020 14:16,,,,,,,,,,,,,,,,,,,,,
-0.448135,54.365067,2,166,55,1/1/2020 14:18,,,,,,,,,,,,,,,,,,,,,
-0.431713,54.346087,2,144,27,1/1/2020 14:20,,,,,,,,,,,,,,,,,,,,,
-0.390853,54.267088,2,58,57,1/1/2020 14:22,,,,,,,,,,,,,,,,,,,,,
-0.451258,54.371777,2,168,85,1/1/2020 14:22,,,,,,,,,,,,,,,,,,,,,
-0.410089,54.304058,2,91,14,1/1/2020 14:23,,,,,,,,,,,,,,,,,,,,,
-0.439769,54.354406,2,153,105,1/1/2020 14:26,,,,,,,,,,,,,,,,,,,,,
-0.448282,54.357183,2,158,81,1/1/2020 14:26,,,,,,,,,,,,,,,,,,,,,
-0.428847,54.339908,2,130,13,1/1/2020 14:36,,,,,,,,,,,,,,,,,,,,,
-0.419744,54.313288,2,105,33,1/1/2020 14:41,,,,,,,,,,,,,,,,,,,,,
-0.442486,54.355468,2,155,105,1/1/2020 14:41,,,,,,,,,,,,,,,,,,,,,
-0.394122,54.269248,2,60,60,1/1/2020 14:42,,,,,,,,,,,,,,,,,,,,,
-0.433576,54.343257,2,140,36,1/1/2020 14:44,,,,,,,,,,,,,,,,,,,,,
-0.313618,54.228534,2,5,36,1/1/2020 14:44,,,,,,,,,,,,,,,,,,,,,
-0.370237,54.249758,2,36,12,1/1/2020 14:45,,,,,,,,,,,,,,,,,,,,,
-0.423528,54.338127,2,126,31,1/1/2020 14:51,,,,,,,,,,,,,,,,,,,,,
-0.433501,54.348377,2,145,65,1/1/2020 14:54,,,,,,,,,,,,,,,,,,,,,
-0.316043,54.231948,2,9,70,1/1/2020 14:55,,,,,,,,,,,,,,,,,,,,,
-0.420405,54.320066,2,109,41,1/1/2020 14:57,,,,,,,,,,,,,,,,,,,,,
-0.302591,54.226707,2,0,47,1/1/2020 14:57,,,,,,,,,,,,,,,,,,,,,
-0.447953,54.366567,2,167,56,1/1/2020 15:02,,,,,,,,,,,,,,,,,,,,,
-0.423145,54.337326,2,125,33,1/1/2020 15:04,,,,,,,,,,,,,,,,,,,,,
-0.448707,54.359678,2,161,32,1/1/2020 15:05,,,,,,,,,,,,,,,,,,,,,
-0.422622,54.335833,2,124,35,1/1/2020 15:05,,,,,,,,,,,,,,,,,,,,,
-0.377756,54.259647,2,47,47,1/1/2020 15:07,,,,,,,,,,,,,,,,,,,,,
-0.345009,54.240916,2,22,57,1/1/2020 15:07,,,,,,,,,,,,,,,,,,,,,
-0.438512,54.352488,2,150,106,1/1/2020 15:10,,,,,,,,,,,,,,,,,,,,,
-0.355207,54.241686,2,26,38,1/1/2020 15:11,,,,,,,,,,,,,,,,,,,,,
-0.358936,54.242616,2,29,34,1/1/2020 15:14,,,,,,,,,,,,,,,,,,,,,
-0.420376,54.332097,2,121,32,1/1/2020 15:19,,,,,,,,,,,,,,,,,,,,,
-0.387033,54.263758,2,54,78,1/1/2020 15:20,,,,,,,,,,,,,,,,,,,,,
-0.335792,54.237663,2,17,52,1/1/2020 15:21,,,,,,,,,,,,,,,,,,,,,
-0.439283,54.353698,2,152,106,1/1/2020 15:21,,,,,,,,,,,,,,,,,,,,,
-0.380691,54.262237,2,51,54,1/1/2020 15:22,,,,,,,,,,,,,,,,,,,,,
-0.409115,54.296478,2,85,3,1/1/2020 15:27,,,,,,,,,,,,,,,,,,,,,
-0.426449,54.339746,2,129,7,1/1/2020 15:29,,,,,,,,,,,,,,,,,,,,,
-0.416392,54.307893,2,97,37,1/1/2020 15:32,,,,,,,,,,,,,,,,,,,,,
-0.432552,54.341963,2,138,22,1/1/2020 15:36,,,,,,,,,,,,,,,,,,,,,
-0.414714,54.306838,2,96,29,1/1/2020 15:36,,,,,,,,,,,,,,,,,,,,,
-0.448277,54.358278,2,159,55,1/1/2020 15:38,,,,,,,,,,,,,,,,,,,,,
-0.422827,54.325788,2,112,32,1/1/2020 15:38,,,,,,,,,,,,,,,,,,,,,
-0.447076,54.363657,2,165,51,1/1/2020 15:40,,,,,,,,,,,,,,,,,,,,,
-0.421425,54.333098,2,122,33,1/1/2020 15:40,,,,,,,,,,,,,,,,,,,,,
-0.41714,54.309165,2,98,33,1/1/2020 15:41,,,,,,,,,,,,,,,,,,,,,
-0.420355,54.312736,2,104,34,1/1/2020 15:44,,,,,,,,,,,,,,,,,,,,,
-0.422052,54.323373,2,111,32,1/1/2020 15:46,,,,,,,,,,,,,,,,,,,,,
-0.315002,54.230983,2,8,73,1/1/2020 15:47,,,,,,,,,,,,,,,,,,,,,
-0.431492,54.345188,2,143,27,1/1/2020 15:49,,,,,,,,,,,,,,,,,,,,,
-0.421929,54.326866,2,116,24,1/1/2020 15:51,,,,,,,,,,,,,,,,,,,,,
-0.458437,54.375806,2,170,126,1/1/2020 15:51,,,,,,,,,,,,,,,,,,,,,
-0.382844,54.262428,2,53,59,1/1/2020 15:51,,,,,,,,,,,,,,,,,,,,,
-0.446565,54.362706,2,164,45,1/1/2020 15:56,,,,,,,,,,,,,,,,,,,,,
-0.421222,54.327028,2,117,18,1/1/2020 15:57,,,,,,,,,,,,,,,,,,,,,
-0.41974,54.310095,2,100,36,1/1/2020 16:01,,,,,,,,,,,,,,,,,,,,,
-0.420649,54.321428,2,110,41,1/1/2020 16:04,,,,,,,,,,,,,,,,,,,,,
-0.448187,54.358498,2,160,49,1/1/2020 16:09,,,,,,,,,,,,,,,,,,,,,
-0.410072,54.300493,2,87,1,1/1/2020 16:13,,,,,,,,,,,,,,,,,,,,,
-0.385585,54.283746,2,70,0,1/1/2020 16:13,,,,,,,,,,,,,,,,,,,,,
-0.418338,54.310024,2,99,30,1/1/2020 16:14,,,,,,,,,,,,,,,,,,,,,
-0.370632,54.251193,2,37,13,1/1/2020 16:14,,,,,,,,,,,,,,,,,,,,,
-0.431352,54.339723,2,131,18,1/1/2020 16:15,,,,,,,,,,,,,,,,,,,,,
-0.333809,54.236818,2,16,57,1/1/2020 16:17,,,,,,,,,,,,,,,,,,,,,
-0.425222,54.339378,2,128,27,1/1/2020 16:18,,,,,,,,,,,,,,,,,,,,,
-0.418467,54.331336,2,120,27,1/1/2020 16:18,,,,,,,,,,,,,,,,,,,,,
-0.397536,54.273418,2,61,40,1/1/2020 16:19,,,,,,,,,,,,,,,,,,,,,
-0.432797,54.340027,2,132,23,1/1/2020 16:23,,,,,,,,,,,,,,,,,,,,,
-0.423826,54.327057,2,114,34,1/1/2020 16:26,,,,,,,,,,,,,,,,,,,,,
-0.400759,54.289377,2,81,0,1/1/2020 16:28,,,,,,,,,,,,,,,,,,,,,
-0.422396,54.334686,2,123,39,1/1/2020 16:30,,,,,,,,,,,,,,,,,,,,,
-0.447247,54.361698,2,163,60,1/1/2020 16:34,,,,,,,,,,,,,,,,,,,,,
-0.374232,54.253748,2,40,65,1/1/2020 16:38,,,,,,,,,,,,,,,,,,,,,
-0.434072,54.348987,2,146,75,1/1/2020 16:39,,,,,,,,,,,,,,,,,,,,,
-0.409819,54.303097,2,89,8,1/1/2020 16:39,,,,,,,,,,,,,,,,,,,,,
-0.377852,54.261483,2,48,51,1/1/2020 16:39,,,,,,,,,,,,,,,,,,,,,
-0.331755,54.236066,2,15,66,1/1/2020 16:41,,,,,,,,,,,,,,,,,,,,,
-0.324535,54.234748,2,12,69,1/1/2020 16:43,,,,,,,,,,,,,,,,,,,,,
-0.369309,54.248626,2,35,11,1/1/2020 16:43,,,,,,,,,,,,,,,,,,,,,
-0.423735,54.327597,2,115,35,1/1/2020 16:47,,,,,,,,,,,,,,,,,,,,,
-0.31433,54.229165,2,6,60,1/1/2020 16:47,,,,,,,,,,,,,,,,,,,,,
-0.433399,54.341258,2,137,24,1/1/2020 16:48,,,,,,,,,,,,,,,,,,,,,
-0.4211,54.311045,2,101,38,1/1/2020 16:54,,,,,,,,,,,,,,,,,,,,,
-0.431482,54.344303,2,142,23,1/1/2020 16:55,,,,,,,,,,,,,,,,,,,,,
-0.319825,54.233236,2,10,70,1/1/2020 16:56,,,,,,,,,,,,,,,,,,,,,
-0.367732,54.247428,2,34,16,1/1/2020 16:56,,,,,,,,,,,,,,,,,,,,,
-0.411383,54.305187,2,93,19,1/1/2020 16:57,,,,,,,,,,,,,,,,,,,,,
-0.310392,54.227993,2,3,31,1/1/2020 16:59,,,,,,,,,,,,,,,,,,,,,
-0.3122,54.227825,2,4,61,1/1/2020 17:01,,,,,,,,,,,,,,,,,,,,,
-0.376095,54.257466,2,45,59,1/1/2020 17:01,,,,,,,,,,,,,,,,,,,,,
-0.387797,54.281858,2,69,0,1/1/2020 17:03,,,,,,,,,,,,,,,,,,,,,
-0.394987,54.282808,2,65,4,1/1/2020 17:09,,,,,,,,,,,,,,,,,,,,,
-0.447276,54.361254,2,162,52,1/1/2020 17:10,,,,,,,,,,,,,,,,,,,,,
-0.37441,54.254518,2,41,59,1/1/2020 17:14,,,,,,,,,,,,,,,,,,,,,
-0.393277,54.283368,2,66,2,1/1/2020 17:14,,,,,,,,,,,,,,,,,,,,,
-0.385493,54.289557,2,73,0,1/1/2020 17:18,,,,,,,,,,,,,,,,,,,,,
-0.434672,54.340927,2,136,37,1/1/2020 17:22,,,,,,,,,,,,,,,,,,,,,
-0.399016,54.288694,2,80,1,1/1/2020 17:22,,,,,,,,,,,,,,,,,,,,,
-0.433455,54.340328,2,133,26,1/1/2020 17:26,,,,,,,,,,,,,,,,,,,,,
-0.419602,54.330243,2,119,33,1/1/2020 17:27,,,,,,,,,,,,,,,,,,,,,
-0.419662,54.315598,2,107,34,1/1/2020 17:29,,,,,,,,,,,,,,,,,,,,,
-0.423125,54.326456,2,113,33,1/1/2020 17:29,,,,,,,,,,,,,,,,,,,,,
-0.365248,54.245726,2,33,8,1/1/2020 17:32,,,,,,,,,,,,,,,,,,,,,
-0.391309,54.267456,2,59,59,1/1/2020 17:35,,,,,,,,,,,,,,,,,,,,,
-0.347462,54.240398,2,23,70,1/1/2020 17:35,,,,,,,,,,,,,,,,,,,,,
-0.341846,54.241307,2,20,57,1/1/2020 17:35,,,,,,,,,,,,,,,,,,,,,
-0.308684,54.227808,2,2,30,1/1/2020 17:37,,,,,,,,,,,,,,,,,,,,,
-0.440962,54.355038,2,154,105,1/1/2020 17:41,,,,,,,,,,,,,,,,,,,,,
-0.391317,54.289906,2,76,0,1/1/2020 17:42,,,,,,,,,,,,,,,,,,,,,
-0.322394,54.233748,2,11,83,1/1/2020 17:42,,,,,,,,,,,,,,,,,,,,,
-0.388052,54.264293,2,55,75,1/1/2020 17:44,,,,,,,,,,,,,,,,,,,,,
-0.393386,54.288937,2,77,0,1/1/2020 17:44,,,,,,,,,,,,,,,,,,,,,
-0.377286,54.258027,2,46,60,1/1/2020 17:44,,,,,,,,,,,,,,,,,,,,,
-0.381902,54.262247,2,52,59,1/1/2020 17:44,,,,,,,,,,,,,,,,,,,,,
-0.43495,54.340298,2,135,36,1/1/2020 17:46,,,,,,,,,,,,,,,,,,,,,
-0.389552,54.265788,2,56,61,1/1/2020 17:48,,,,,,,,,,,,,,,,,,,,,
-0.409067,54.301466,2,88,1,1/1/2020 17:49,,,,,,,,,,,,,,,,,,,,,
-0.438322,54.351603,2,149,94,1/1/2020 17:50,,,,,,,,,,,,,,,,,,,,,
-0.420253,54.329208,2,118,32,1/1/2020 17:51,,,,,,,,,,,,,,,,,,,,,
-0.405191,54.291627,2,83,4,1/1/2020 17:51,,,,,,,,,,,,,,,,,,,,,
-0.420245,54.314458,2,106,35,1/1/2020 17:52,,,,,,,,,,,,,,,,,,,,,
-0.410462,54.304688,2,92,20,1/1/2020 17:53,,,,,,,,,,,,,,,,,,,,,
-0.403772,54.290818,2,82,3,1/1/2020 17:54,,,,,,,,,,,,,,,,,,,,,
-0.384566,54.285867,2,71,2,1/1/2020 17:57,,,,,,,,,,,,,,,,,,,,,
-0.459116,54.376497,2,171,129,1/1/2020 17:57,,,,,,,,,,,,,,,,,,,,,
-0.360292,54.242383,2,30,39,1/1/2020 18:00,,,,,,,,,,,,,,,,,,,,,
-0.374382,54.255147,2,42,58,1/1/2020 18:01,,,,,,,,,,,,,,,,,,,,,
-0.421402,54.312003,2,102,37,1/1/2020 18:02,,,,,,,,,,,,,,,,,,,,,
-0.454551,54.373967,2,169,102,1/1/2020 18:06,,,,,,,,,,,,,,,,,,,,,
-0.410035,54.299417,2,86,2,1/1/2020 18:06,,,,,,,,,,,,,,,,,,,,,
-0.424298,54.338886,2,127,22,1/1/2020 18:13,,,,,,,,,,,,,,,,,,,,,
-0.374972,54.256483,2,44,60,1/1/2020 18:13,,,,,,,,,,,,,,,,,,,,,
-0.357086,54.241907,2,27,40,1/1/2020 18:15,,,,,,,,,,,,,,,,,,,,,
-0.40987,54.303538,2,90,11,1/1/2020 18:18,,,,,,,,,,,,,,,,,,,,,
-0.31438,54.229745,2,7,63,1/1/2020 18:19,,,,,,,,,,,,,,,,,,,,,
-0.374569,54.255848,2,43,59,1/1/2020 18:21,,,,,,,,,,,,,,,,,,,,,
-0.371485,54.253078,2,39,49,1/1/2020 18:21,,,,,,,,,,,,,,,,,,,,,
-0.303402,54.226737,2,1,51,1/1/2020 18:23,,,,,,,,,,,,,,,,,,,,,
-0.340895,54.240996,2,19,56,1/1/2020 18:27,,,,,,,,,,,,,,,,,,,,,
-0.396962,54.280653,2,64,6,1/1/2020 18:30,,,,,,,,,,,,,,,,,,,,,
-0.365938,54.244567,2,32,49,1/1/2020 18:32,,,,,,,,,,,,,,,,,,,,,
-0.349363,54.240338,2,24,64,1/1/2020 18:33,,,,,,,,,,,,,,,,,,,,,
-0.438859,54.353286,2,151,105,1/1/2020 18:33,,,,,,,,,,,,,,,,,,,,,
-0.412391,54.305447,2,94,28,1/1/2020 18:34,,,,,,,,,,,,,,,,,,,,,
-0.397918,54.279146,2,63,8,1/1/2020 18:37,,,,,,,,,,,,,,,,,,,,,
-0.389536,54.281934,2,68,0,1/1/2020 18:37,,,,,,,,,,,,,,,,,,,,,
-0.434452,54.340048,2,134,33,1/1/2020 18:38,,,,,,,,,,,,,,,,,,,,,
-1.22058,54.250275,3,114,300,1/1/2020 18:39,,,,,,,,,,,,,,,,,,,,,
-1.286219,54.366767,3,11,188,1/1/2020 18:42,,,,,,,,,,,,,,,,,,,,,
-1.292271,54.368237,3,5,141,1/1/2020 18:43,,,,,,,,,,,,,,,,,,,,,
-1.265197,54.349208,3,34,318,1/1/2020 18:44,,,,,,,,,,,,,,,,,,,,,
-1.217451,54.254557,3,110,289,1/1/2020 18:44,,,,,,,,,,,,,,,,,,,,,
-1.222535,54.271618,3,94,302,1/1/2020 18:47,,,,,,,,,,,,,,,,,,,,,
-1.294106,54.368724,3,2,170,1/1/2020 18:49,,,,,,,,,,,,,,,,,,,,,
-1.246629,54.323076,3,51,358,1/1/2020 18:49,,,,,,,,,,,,,,,,,,,,,
-1.22355,54.247935,3,116,306,1/1/2020 18:50,,,,,,,,,,,,,,,,,,,,,
-1.229256,54.291478,3,77,311,1/1/2020 18:53,,,,,,,,,,,,,,,,,,,,,
-1.216548,54.242416,3,124,287,1/1/2020 18:53,,,,,,,,,,,,,,,,,,,,,
-1.288322,54.367393,3,9,174,1/1/2020 18:55,,,,,,,,,,,,,,,,,,,,,
-1.214195,54.240776,3,125,282,1/1/2020 18:58,,,,,,,,,,,,,,,,,,,,,
-1.227462,54.288813,3,80,283,1/1/2020 19:01,,,,,,,,,,,,,,,,,,,,,
-1.212742,54.239673,3,127,274,1/1/2020 19:05,,,,,,,,,,,,,,,,,,,,,
-1.285929,54.364858,3,13,181,1/1/2020 19:06,,,,,,,,,,,,,,,,,,,,,
-1.265415,54.347116,3,35,337,1/1/2020 19:07,,,,,,,,,,,,,,,,,,,,,
-1.263912,54.350793,3,33,295,1/1/2020 19:09,,,,,,,,,,,,,,,,,,,,,
-1.282772,54.362858,3,14,182,1/1/2020 19:09,,,,,,,,,,,,,,,,,,,,,
-1.217623,54.255377,3,109,287,1/1/2020 19:13,,,,,,,,,,,,,,,,,,,,,
-1.209016,54.236317,3,130,254,1/1/2020 19:22,,,,,,,,,,,,,,,,,,,,,
-1.239462,54.303823,3,64,360,1/1/2020 19:24,,,,,,,,,,,,,,,,,,,,,
-1.262662,54.341503,3,41,386,1/1/2020 19:26,,,,,,,,,,,,,,,,,,,,,
-1.290115,54.368117,3,8,157,1/1/2020 19:27,,,,,,,,,,,,,,,,,,,,,
-1.235322,54.300527,3,68,350,1/1/2020 19:27,,,,,,,,,,,,,,,,,,,,,
-1.227423,54.293328,3,74,326,1/1/2020 19:30,,,,,,,,,,,,,,,,,,,,,
-1.222833,54.244728,3,119,304,1/1/2020 19:33,,,,,,,,,,,,,,,,,,,,,
-1.28072,54.360785,3,20,157,1/1/2020 19:36,,,,,,,,,,,,,,,,,,,,,
-1.263822,54.356618,3,29,263,1/1/2020 19:40,,,,,,,,,,,,,,,,,,,,,
-1.217942,54.255988,3,108,290,1/1/2020 19:44,,,,,,,,,,,,,,,,,,,,,
-1.27735,54.359495,3,23,175,1/1/2020 19:45,,,,,,,,,,,,,,,,,,,,,
-1.211147,54.238228,3,128,257,1/1/2020 19:48,,,,,,,,,,,,,,,,,,,,,
-1.265719,54.343986,3,38,375,1/1/2020 19:48,,,,,,,,,,,,,,,,,,,,,
-1.22296,54.246945,3,117,301,1/1/2020 19:49,,,,,,,,,,,,,,,,,,,,,
-1.222257,54.283108,3,85,281,1/1/2020 19:49,,,,,,,,,,,,,,,,,,,,,
-1.258296,54.336646,3,45,387,1/1/2020 19:57,,,,,,,,,,,,,,,,,,,,,
-1.272143,54.358698,3,25,186,1/1/2020 19:58,,,,,,,,,,,,,,,,,,,,,
-1.248342,54.309617,3,58,374,1/1/2020 19:59,,,,,,,,,,,,,,,,,,,,,
-1.210165,54.237076,3,129,240,1/1/2020 19:59,,,,,,,,,,,,,,,,,,,,,
-1.24984,54.311798,3,57,373,1/1/2020 19:59,,,,,,,,,,,,,,,,,,,,,
-1.224168,54.248434,3,115,297,1/1/2020 20:02,,,,,,,,,,,,,,,,,,,,,
-1.222411,54.276207,3,91,304,1/1/2020 20:05,,,,,,,,,,,,,,,,,,,,,
-1.222147,54.261146,3,104,306,1/1/2020 20:08,,,,,,,,,,,,,,,,,,,,,
-1.292036,54.368054,3,6,138,1/1/2020 20:08,,,,,,,,,,,,,,,,,,,,,
-1.222115,54.281346,3,86,278,1/1/2020 20:08,,,,,,,,,,,,,,,,,,,,,
-1.224967,54.286568,3,82,266,1/1/2020 20:12,,,,,,,,,,,,,,,,,,,,,
-1.238483,54.302517,3,66,357,1/1/2020 20:13,,,,,,,,,,,,,,,,,,,,,
-1.248687,54.317617,3,54,354,1/1/2020 20:16,,,,,,,,,,,,,,,,,,,,,
-1.264532,54.342988,3,39,388,1/1/2020 20:18,,,,,,,,,,,,,,,,,,,,,
-1.224885,54.263147,3,102,316,1/1/2020 20:19,,,,,,,,,,,,,,,,,,,,,
-1.263518,54.355746,3,30,263,1/1/2020 20:21,,,,,,,,,,,,,,,,,,,,,
-1.230232,54.298233,3,71,340,1/1/2020 20:26,,,,,,,,,,,,,,,,,,,,,
-1.221719,54.260107,3,105,294,1/1/2020 20:27,,,,,,,,,,,,,,,,,,,,,
-1.281032,54.360853,3,19,155,1/1/2020 20:28,,,,,,,,,,,,,,,,,,,,,
-1.222775,54.244446,3,120,297,1/1/2020 20:28,,,,,,,,,,,,,,,,,,,,,
-1.282241,54.362027,3,16,163,1/1/2020 20:30,,,,,,,,,,,,,,,,,,,,,
-1.221165,54.243978,3,122,298,1/1/2020 20:32,,,,,,,,,,,,,,,,,,,,,
-1.2213,54.259508,3,106,293,1/1/2020 20:39,,,,,,,,,,,,,,,,,,,,,
-1.217532,54.253627,3,111,294,1/1/2020 20:41,,,,,,,,,,,,,,,,,,,,,
-1.287387,54.367266,3,10,182,1/1/2020 20:42,,,,,,,,,,,,,,,,,,,,,
-1.291525,54.368218,3,7,142,1/1/2020 20:46,,,,,,,,,,,,,,,,,,,,,
-1.298085,54.368478,3,0,163,1/1/2020 20:47,,,,,,,,,,,,,,,,,,,,,
-1.263419,54.352678,3,32,277,1/1/2020 20:48,,,,,,,,,,,,,,,,,,,,,
-1.281314,54.361018,3,18,154,1/1/2020 20:48,,,,,,,,,,,,,,,,,,,,,
-1.256462,54.335703,3,46,382,1/1/2020 20:51,,,,,,,,,,,,,,,,,,,,,
-1.222832,54.246093,3,118,301,1/1/2020 20:53,,,,,,,,,,,,,,,,,,,,,
-1.266076,54.346007,3,36,343,1/1/2020 20:54,,,,,,,,,,,,,,,,,,,,,
-1.266855,54.357678,3,28,250,1/1/2020 20:54,,,,,,,,,,,,,,,,,,,,,
-1.218869,54.256808,3,107,291,1/1/2020 21:01,,,,,,,,,,,,,,,,,,,,,
-1.263235,54.354376,3,31,267,1/1/2020 21:02,,,,,,,,,,,,,,,,,,,,,
-1.246642,54.325478,3,50,363,1/1/2020 21:06,,,,,,,,,,,,,,,,,,,,,
-1.244195,54.306796,3,61,371,1/1/2020 21:07,,,,,,,,,,,,,,,,,,,,,
-1.221638,54.276737,3,90,305,1/1/2020 21:08,,,,,,,,,,,,,,,,,,,,,
-1.222289,54.269977,3,97,302,1/1/2020 21:08,,,,,,,,,,,,,,,,,,,,,
-1.28669,54.364618,3,12,177,1/1/2020 21:09,,,,,,,,,,,,,,,,,,,,,
-1.218692,54.251543,3,113,300,1/1/2020 21:13,,,,,,,,,,,,,,,,,,,,,
-1.228299,54.292806,3,75,323,1/1/2020 21:15,,,,,,,,,,,,,,,,,,,,,
-1.222192,54.268808,3,98,309,1/1/2020 21:15,,,,,,,,,,,,,,,,,,,,,
-1.224017,54.285318,3,83,267,1/1/2020 21:16,,,,,,,,,,,,,,,,,,,,,
-1.226947,54.288268,3,81,274,1/1/2020 21:24,,,,,,,,,,,,,,,,,,,,,
-1.268384,54.357958,3,27,229,1/1/2020 21:29,,,,,,,,,,,,,,,,,,,,,
-1.236941,54.301347,3,67,354,1/1/2020 21:30,,,,,,,,,,,,,,,,,,,,,
-1.249872,54.312758,3,56,371,1/1/2020 21:34,,,,,,,,,,,,,,,,,,,,,
-1.292752,54.368128,3,4,149,1/1/2020 21:46,,,,,,,,,,,,,,,,,,,,,
-1.251735,54.333926,3,47,384,1/1/2020 21:47,,,,,,,,,,,,,,,,,,,,,
-1.234014,54.300018,3,69,346,1/1/2020 21:47,,,,,,,,,,,,,,,,,,,,,
-1.223071,54.267057,3,99,298,1/1/2020 21:48,,,,,,,,,,,,,,,,,,,,,
-1.240086,54.304377,3,63,360,1/1/2020 21:50,,,,,,,,,,,,,,,,,,,,,
-1.246408,54.331586,3,49,369,1/1/2020 21:50,,,,,,,,,,,,,,,,,,,,,
-1.274462,54.359213,3,24,185,1/1/2020 21:56,,,,,,,,,,,,,,,,,,,,,
-1.245252,54.307263,3,60,372,1/1/2020 21:56,,,,,,,,,,,,,,,,,,,,,
-1.223546,54.273967,3,93,308,1/1/2020 22:01,,,,,,,,,,,,,,,,,,,,,
-1.247627,54.320738,3,52,349,1/1/2020 22:04,,,,,,,,,,,,,,,,,,,,,
-1.247369,54.308618,3,59,374,1/1/2020 22:05,,,,,,,,,,,,,,,,,,,,,
-1.294986,54.368536,3,1,168,1/1/2020 22:12,,,,,,,,,,,,,,,,,,,,,
-1.239122,54.303148,3,65,359,1/1/2020 22:12,,,,,,,,,,,,,,,,,,,,,
-1.228592,54.292248,3,76,320,1/1/2020 22:12,,,,,,,,,,,,,,,,,,,,,
-1.226319,54.294186,3,73,329,1/1/2020 22:14,,,,,,,,,,,,,,,,,,,,,
-1.242196,54.305477,3,62,365,1/1/2020 22:16,,,,,,,,,,,,,,,,,,,,,
-1.266185,54.345327,3,37,352,1/1/2020 22:24,,,,,,,,,,,,,,,,,,,,,
-1.225475,54.263708,3,101,309,1/1/2020 22:25,,,,,,,,,,,,,,,,,,,,,
-1.282573,54.362657,3,15,176,1/1/2020 22:28,,,,,,,,,,,,,,,,,,,,,
-1.222562,54.261653,3,103,310,1/1/2020 22:32,,,,,,,,,,,,,,,,,,,,,
-1.221563,54.277217,3,89,304,1/1/2020 22:34,,,,,,,,,,,,,,,,,,,,,
-1.260726,54.338667,3,43,390,1/1/2020 22:40,,,,,,,,,,,,,,,,,,,,,
-1.222026,54.270284,3,96,302,1/1/2020 22:41,,,,,,,,,,,,,,,,,,,,,
-1.263463,54.342318,3,40,388,1/1/2020 22:44,,,,,,,,,,,,,,,,,,,,,
-1.225356,54.264384,3,100,310,1/1/2020 22:44,,,,,,,,,,,,,,,,,,,,,
-1.281922,54.361777,3,17,159,1/1/2020 22:46,,,,,,,,,,,,,,,,,,,,,
-1.213299,54.240298,3,126,284,1/1/2020 22:50,,,,,,,,,,,,,,,,,,,,,
-1.259325,54.337368,3,44,389,1/1/2020 22:55,,,,,,,,,,,,,,,,,,,,,
-1.218252,54.243188,3,123,298,1/1/2020 22:55,,,,,,,,,,,,,,,,,,,,,
-1.218064,54.252508,3,112,296,1/1/2020 23:04,,,,,,,,,,,,,,,,,,,,,
-1.221625,54.279237,3,88,293,1/1/2020 23:04,,,,,,,,,,,,,,,,,,,,,
-1.228248,54.289396,3,79,285,1/1/2020 23:05,,,,,,,,,,,,,,,,,,,,,
-1.228082,54.296438,3,72,334,1/1/2020 23:09,,,,,,,,,,,,,,,,,,,,,
-1.270815,54.358146,3,26,190,1/1/2020 23:10,,,,,,,,,,,,,,,,,,,,,
-1.221916,54.280937,3,87,282,1/1/2020 23:11,,,,,,,,,,,,,,,,,,,,,
-1.27916,54.360255,3,22,171,1/1/2020 23:16,,,,,,,,,,,,,,,,,,,,,
-1.232583,54.299718,3,70,342,1/1/2020 23:19,,,,,,,,,,,,,,,,,,,,,
-1.280198,54.360424,3,21,161,1/1/2020 23:20,,,,,,,,,,,,,,,,,,,,,
-1.293159,54.368767,3,3,158,1/1/2020 23:21,,,,,,,,,,,,,,,,,,,,,
-1.221964,54.244438,3,121,303,1/1/2020 23:23,,,,,,,,,,,,,,,,,,,,,
-1.261607,54.340106,3,42,388,1/1/2020 23:23,,,,,,,,,,,,,,,,,,,,,
-1.249505,54.315158,3,55,364,1/1/2020 23:25,,,,,,,,,,,,,,,,,,,,,
-1.247268,54.331597,3,48,371,1/1/2020 23:25,,,,,,,,,,,,,,,,,,,,,
-1.229179,54.290936,3,78,303,1/1/2020 23:26,,,,,,,,,,,,,,,,,,,,,
-1.223806,54.284624,3,84,267,1/1/2020 23:26,,,,,,,,,,,,,,,,,,,,,
-1.223557,54.274596,3,92,309,1/1/2020 23:32,,,,,,,,,,,,,,,,,,,,,
-1.222146,54.270946,3,95,302,1/1/2020 23:34,,,,,,,,,,,,,,,,,,,,,
-1.248352,54.318283,3,53,351,1/1/2020 23:35,,,,,,,,,,,,,,,,,,,,,
-1.019715,54.526556,4,92,211,1/1/2020 23:36,,,,,,,,,,,,,,,,,,,,,
-1.011957,54.536156,4,67,179,1/1/2020 23:38,,,,,,,,,,,,,,,,,,,,,
-1.041092,54.520863,4,110,251,1/1/2020 23:38,,,,,,,,,,,,,,,,,,,,,
-1.011009,54.539487,4,60,188,1/1/2020 23:41,,,,,,,,,,,,,,,,,,,,,
-1.024322,54.523133,4,98,255,1/1/2020 23:44,,,,,,,,,,,,,,,,,,,,,
-1.015513,54.532558,4,82,128,1/1/2020 23:45,,,,,,,,,,,,,,,,,,,,,
-0.983573,54.564168,4,33,81,1/1/2020 23:48,,,,,,,,,,,,,,,,,,,,,
-1.078976,54.508288,4,134,274,1/1/2020 23:49,,,,,,,,,,,,,,,,,,,,,
-1.057764,54.511808,4,126,271,1/1/2020 23:50,,,,,,,,,,,,,,,,,,,,,
-1.078782,54.507928,4,133,277,1/1/2020 23:50,,,,,,,,,,,,,,,,,,,,,
-1.013139,54.530068,4,89,192,1/1/2020 23:53,,,,,,,,,,,,,,,,,,,,,
-1.039089,54.520926,4,108,263,1/1/2020 23:56,,,,,,,,,,,,,,,,,,,,,
-0.977037,54.573187,4,17,34,1/1/2020 23:56,,,,,,,,,,,,,,,,,,,,,
-0.982301,54.567687,4,30,70,1/1/2020 23:57,,,,,,,,,,,,,,,,,,,,,
-1.048892,54.517247,4,115,280,1/1/2020 23:58,,,,,,,,,,,,,,,,,,,,,
-1.0114,54.532385,4,79,138,1/2/2020 0:00,,,,,,,,,,,,,,,,,,,,,
-0.983012,54.563673,4,34,86,1/2/2020 0:03,,,,,,,,,,,,,,,,,,,,,
-0.986027,54.555718,4,46,152,1/2/2020 0:04,,,,,,,,,,,,,,,,,,,,,
-1.059306,54.516047,4,120,293,1/2/2020 0:05,,,,,,,,,,,,,,,,,,,,,
-1.005072,54.532847,4,74,122,1/2/2020 0:07,,,,,,,,,,,,,,,,,,,,,
-1.019946,54.526347,4,93,214,1/2/2020 0:08,,,,,,,,,,,,,,,,,,,,,
-1.012112,54.536403,4,66,184,1/2/2020 0:09,,,,,,,,,,,,,,,,,,,,,
-0.979976,54.571807,4,25,40,1/2/2020 0:14,,,,,,,,,,,,,,,,,,,,,
-0.982632,54.565427,4,31,76,1/2/2020 0:16,,,,,,,,,,,,,,,,,,,,,
-0.985877,54.555928,4,45,152,1/2/2020 0:21,,,,,,,,,,,,,,,,,,,,,
-0.980395,54.572096,4,24,37,1/2/2020 0:21,,,,,,,,,,,,,,,,,,,,,
-0.975257,54.574058,4,15,39,1/2/2020 0:22,,,,,,,,,,,,,,,,,,,,,
-0.986106,54.554334,4,47,155,1/2/2020 0:26,,,,,,,,,,,,,,,,,,,,,
-1.014155,54.530786,4,88,178,1/2/2020 0:31,,,,,,,,,,,,,,,,,,,,,
-1.04652,54.517468,4,114,283,1/2/2020 0:44,,,,,,,,,,,,,,,,,,,,,
-0.985548,54.558386,4,42,143,1/2/2020 0:48,,,,,,,,,,,,,,,,,,,,,
-0.983219,54.560076,4,38,123,1/2/2020 0:51,,,,,,,,,,,,,,,,,,,,,
-1.010108,54.532444,4,78,135,1/2/2020 0:54,,,,,,,,,,,,,,,,,,,,,
-0.986287,54.553988,4,48,156,1/2/2020 0:54,,,,,,,,,,,,,,,,,,,,,
-0.980019,54.572328,4,22,31,1/2/2020 0:54,,,,,,,,,,,,,,,,,,,,,
-0.974758,54.576347,4,11,40,1/2/2020 0:55,,,,,,,,,,,,,,,,,,,,,
-0.980392,54.572263,4,23,33,1/2/2020 0:57,,,,,,,,,,,,,,,,,,,,,
-1.016922,54.528403,4,90,202,1/2/2020 1:00,,,,,,,,,,,,,,,,,,,,,
-1.01321,54.532525,4,80,133,1/2/2020 1:00,,,,,,,,,,,,,,,,,,,,,
-1.034415,54.519726,4,104,274,1/2/2020 1:02,,,,,,,,,,,,,,,,,,,,,
-0.995771,54.547997,4,54,187,1/2/2020 1:03,,,,,,,,,,,,,,,,,,,,,
-1.037348,54.520676,4,106,271,1/2/2020 1:10,,,,,,,,,,,,,,,,,,,,,
-0.988626,54.551597,4,50,169,1/2/2020 1:11,,,,,,,,,,,,,,,,,,,,,
-1.056892,54.513507,4,125,293,1/2/2020 1:13,,,,,,,,,,,,,,,,,,,,,
-1.072869,54.507846,4,130,270,1/2/2020 1:14,,,,,,,,,,,,,,,,,,,,,
-1.020029,54.525736,4,95,225,1/2/2020 1:15,,,,,,,,,,,,,,,,,,,,,
-0.984812,54.563208,4,35,83,1/2/2020 1:17,,,,,,,,,,,,,,,,,,,,,
-0.970139,54.584396,4,1,33,1/2/2020 1:18,,,,,,,,,,,,,,,,,,,,,
-1.009952,54.534958,4,71,149,1/2/2020 1:22,,,,,,,,,,,,,,,,,,,,,
-1.052792,54.516133,4,117,294,1/2/2020 1:23,,,,,,,,,,,,,,,,,,,,,
-1.094175,54.506726,4,143,302,1/2/2020 1:25,,,,,,,,,,,,,,,,,,,,,
-1.058752,54.514638,4,122,292,1/2/2020 1:27,,,,,,,,,,,,,,,,,,,,,
-0.975149,54.574686,4,14,42,1/2/2020 1:29,,,,,,,,,,,,,,,,,,,,,
-0.997627,54.546866,4,55,185,1/2/2020 1:30,,,,,,,,,,,,,,,,,,,,,
-1.058883,54.514187,4,123,287,1/2/2020 1:37,,,,,,,,,,,,,,,,,,,,,
-1.029916,54.521206,4,102,274,1/2/2020 1:37,,,,,,,,,,,,,,,,,,,,,
-1.083572,54.508363,4,137,287,1/2/2020 1:37,,,,,,,,,,,,,,,,,,,,,
-1.012121,54.537927,4,62,182,1/2/2020 1:38,,,,,,,,,,,,,,,,,,,,,
-1.091196,54.506944,4,141,310,1/2/2020 1:40,,,,,,,,,,,,,,,,,,,,,
-0.981352,54.570658,4,28,59,1/2/2020 1:43,,,,,,,,,,,,,,,,,,,,,
-1.009939,54.535977,4,68,171,1/2/2020 1:44,,,,,,,,,,,,,,,,,,,,,
-0.985489,54.558756,4,41,142,1/2/2020 1:46,,,,,,,,,,,,,,,,,,,,,
-0.985016,54.559608,4,40,127,1/2/2020 1:49,,,,,,,,,,,,,,,,,,,,,
-1.029225,54.521658,4,101,272,1/2/2020 1:50,,,,,,,,,,,,,,,,,,,,,
-1.009809,54.535368,4,70,158,1/2/2020 1:51,,,,,,,,,,,,,,,,,,,,,
-0.973146,54.578216,4,8,35,1/2/2020 1:51,,,,,,,,,,,,,,,,,,,,,
-1.074343,54.506878,4,131,283,1/2/2020 1:56,,,,,,,,,,,,,,,,,,,,,
-1.005116,54.540376,4,58,210,1/2/2020 1:56,,,,,,,,,,,,,,,,,,,,,
-0.985069,54.562946,4,36,86,1/2/2020 1:56,,,,,,,,,,,,,,,,,,,,,
-1.058071,54.513727,4,124,291,1/2/2020 1:58,,,,,,,,,,,,,,,,,,,,,
-1.078939,54.508496,4,135,272,1/2/2020 1:59,,,,,,,,,,,,,,,,,,,,,
-0.985432,54.557633,4,43,145,1/2/2020 2:00,,,,,,,,,,,,,,,,,,,,,
-0.985477,54.557328,4,44,146,1/2/2020 2:00,,,,,,,,,,,,,,,,,,,,,
-1.000426,54.544827,4,56,200,1/2/2020 2:01,,,,,,,,,,,,,,,,,,,,,
-0.992843,54.549387,4,52,181,1/2/2020 2:01,,,,,,,,,,,,,,,,,,,,,
-1.012075,54.536727,4,65,188,1/2/2020 2:03,,,,,,,,,,,,,,,,,,,,,
-0.975442,54.573823,4,16,39,1/2/2020 2:05,,,,,,,,,,,,,,,,,,,,,
-0.984473,54.562528,4,37,92,1/2/2020 2:06,,,,,,,,,,,,,,,,,,,,,
-1.014628,54.530946,4,87,172,1/2/2020 2:12,,,,,,,,,,,,,,,,,,,,,
-1.038292,54.520968,4,107,266,1/2/2020 2:17,,,,,,,,,,,,,,,,,,,,,
-1.059116,54.516127,4,119,295,1/2/2020 2:17,,,,,,,,,,,,,,,,,,,,,
-1.042177,54.520367,4,111,253,1/2/2020 2:20,,,,,,,,,,,,,,,,,,,,,
-1.020045,54.526097,4,94,218,1/2/2020 2:21,,,,,,,,,,,,,,,,,,,,,
-1.005114,54.532708,4,75,123,1/2/2020 2:21,,,,,,,,,,,,,,,,,,,,,
-0.981613,54.570387,4,29,61,1/2/2020 2:24,,,,,,,,,,,,,,,,,,,,,
-1.050679,54.516578,4,116,289,1/2/2020 2:25,,,,,,,,,,,,,,,,,,,,,
-1.016592,54.531058,4,86,156,1/2/2020 2:26,,,,,,,,,,,,,,,,,,,,,
-0.970903,54.583248,4,3,38,1/2/2020 2:26,,,,,,,,,,,,,,,,,,,,,
-1.011962,54.538198,4,61,182,1/2/2020 2:27,,,,,,,,,,,,,,,,,,,,,
-0.971322,54.582423,4,4,41,1/2/2020 2:28,,,,,,,,,,,,,,,,,,,,,
-0.974492,54.575238,4,13,36,1/2/2020 2:30,,,,,,,,,,,,,,,,,,,,,
-0.974695,54.577156,4,10,37,1/2/2020 2:35,,,,,,,,,,,,,,,,,,,,,
-1.086437,54.507558,4,139,297,1/2/2020 2:40,,,,,,,,,,,,,,,,,,,,,
-1.014712,54.532433,4,81,133,1/2/2020 2:47,,,,,,,,,,,,,,,,,,,,,
-1.005025,54.540568,4,57,209,1/2/2020 2:50,,,,,,,,,,,,,,,,,,,,,
-0.979692,54.572187,4,21,31,1/2/2020 2:52,,,,,,,,,,,,,,,,,,,,,
-1.028427,54.522116,4,99,268,1/2/2020 2:53,,,,,,,,,,,,,,,,,,,,,
-1.012086,54.537454,4,63,186,1/2/2020 2:54,,,,,,,,,,,,,,,,,,,,,
-1.077919,54.507136,4,132,282,1/2/2020 2:57,,,,,,,,,,,,,,,,,,,,,
-0.993898,54.548737,4,53,183,1/2/2020 3:00,,,,,,,,,,,,,,,,,,,,,
-0.977332,54.572348,4,19,25,1/2/2020 3:04,,,,,,,,,,,,,,,,,,,,,
-1.035668,54.519767,4,105,272,1/2/2020 3:04,,,,,,,,,,,,,,,,,,,,,
-0.989875,54.550787,4,51,172,1/2/2020 3:04,,,,,,,,,,,,,,,,,,,,,
-1.086957,54.507628,4,140,297,1/2/2020 3:05,,,,,,,,,,,,,,,,,,,,,
-1.00983,54.535688,4,69,163,1/2/2020 3:06,,,,,,,,,,,,,,,,,,,,,
-0.984202,54.559718,4,39,128,1/2/2020 3:07,,,,,,,,,,,,,,,,,,,,,
-0.982904,54.564568,4,32,80,1/2/2020 3:07,,,,,,,,,,,,,,,,,,,,,
-1.00839,54.532105,4,77,140,1/2/2020 3:14,,,,,,,,,,,,,,,,,,,,,
-0.972236,54.579177,4,6,35,1/2/2020 3:16,,,,,,,,,,,,,,,,,,,,,
-1.016334,54.532268,4,84,136,1/2/2020 3:17,,,,,,,,,,,,,,,,,,,,,
-1.011915,54.537048,4,64,189,1/2/2020 3:17,,,,,,,,,,,,,,,,,,,,,
-0.971785,54.578598,4,7,22,1/2/2020 3:18,,,,,,,,,,,,,,,,,,,,,
-1.018257,54.527288,4,91,210,1/2/2020 3:19,,,,,,,,,,,,,,,,,,,,,
-1.016035,54.532446,4,83,131,1/2/2020 3:24,,,,,,,,,,,,,,,,,,,,,
-1.019892,54.525308,4,96,232,1/2/2020 3:26,,,,,,,,,,,,,,,,,,,,,
-1.093227,54.506708,4,142,306,1/2/2020 3:26,,,,,,,,,,,,,,,,,,,,,
-1.008461,54.533307,4,73,121,1/2/2020 3:29,,,,,,,,,,,,,,,,,,,,,
-1.045562,54.518088,4,113,269,1/2/2020 3:29,,,,,,,,,,,,,,,,,,,,,
-1.044795,54.518788,4,112,255,1/2/2020 3:31,,,,,,,,,,,,,,,,,,,,,
-0.969915,54.585707,4,0,17,1/2/2020 3:31,,,,,,,,,,,,,,,,,,,,,
-1.016635,54.531478,4,85,152,1/2/2020 3:35,,,,,,,,,,,,,,,,,,,,,
-0.977185,54.572588,4,18,26,1/2/2020 3:36,,,,,,,,,,,,,,,,,,,,,
-1.059272,54.515743,4,121,297,1/2/2020 3:37,,,,,,,,,,,,,,,,,,,,,
-1.072452,54.508268,4,129,262,1/2/2020 3:41,,,,,,,,,,,,,,,,,,,,,
-1.010823,54.534127,4,72,125,1/2/2020 3:46,,,,,,,,,,,,,,,,,,,,,
-1.007886,54.539314,4,59,212,1/2/2020 3:48,,,,,,,,,,,,,,,,,,,,,
-0.970662,54.583968,4,2,37,1/2/2020 3:48,,,,,,,,,,,,,,,,,,,,,
-0.974558,54.575926,4,12,41,1/2/2020 3:50,,,,,,,,,,,,,,,,,,,,,
-1.061313,54.510478,4,127,252,1/2/2020 3:50,,,,,,,,,,,,,,,,,,,,,
-0.980642,54.570933,4,27,56,1/2/2020 3:53,,,,,,,,,,,,,,,,,,,,,
-0.986905,54.553236,4,49,160,1/2/2020 3:54,,,,,,,,,,,,,,,,,,,,,
-1.028676,54.521837,4,100,274,1/2/2020 4:01,,,,,,,,,,,,,,,,,,,,,
-1.055585,54.515876,4,118,303,1/2/2020 4:03,,,,,,,,,,,,,,,,,,,,,
-1.006062,54.532363,4,76,129,1/2/2020 4:06,,,,,,,,,,,,,,,,,,,,,
-0.97859,54.572148,4,20,29,1/2/2020 4:11,,,,,,,,,,,,,,,,,,,,,
-0.972327,54.581176,4,5,43,1/2/2020 4:12,,,,,,,,,,,,,,,,,,,,,
-1.033592,54.519863,4,103,274,1/2/2020 4:15,,,,,,,,,,,,,,,,,,,,,
-1.040367,54.520648,4,109,265,1/2/2020 4:18,,,,,,,,,,,,,,,,,,,,,
-1.085487,54.508058,4,138,291,1/2/2020 4:18,,,,,,,,,,,,,,,,,,,,,
-1.082258,54.508716,4,136,284,1/2/2020 4:19,,,,,,,,,,,,,,,,,,,,,
-0.973982,54.577813,4,9,35,1/2/2020 4:22,,,,,,,,,,,,,,,,,,,,,
-0.980286,54.571257,4,26,52,1/2/2020 4:23,,,,,,,,,,,,,,,,,,,,,
-1.022943,54.523648,4,97,253,1/2/2020 4:27,,,,,,,,,,,,,,,,,,,,,
-1.071312,54.508653,4,128,252,1/2/2020 4:27,,,,,,,,,,,,,,,,,,,,,
-1.304259,54.377648,5,160,203,1/2/2020 4:27,,,,,,,,,,,,,,,,,,,,,
-1.279762,54.394598,5,140,242,1/2/2020 4:28,,,,,,,,,,,,,,,,,,,,,
-1.157715,54.422896,5,42,329,1/2/2020 4:30,,,,,,,,,,,,,,,,,,,,,
-1.219597,54.406796,5,99,297,1/2/2020 4:31,,,,,,,,,,,,,,,,,,,,,
-1.298096,54.368478,5,178,163,1/2/2020 4:34,,,,,,,,,,,,,,,,,,,,,
-1.195752,54.419783,5,67,301,1/2/2020 4:34,,,,,,,,,,,,,,,,,,,,,
-1.148385,54.423268,5,35,337,1/2/2020 4:36,,,,,,,,,,,,,,,,,,,,,
-1.205408,54.411286,5,86,370,1/2/2020 4:37,,,,,,,,,,,,,,,,,,,,,
-1.304966,54.375467,5,164,199,1/2/2020 4:39,,,,,,,,,,,,,,,,,,,,,
-1.099536,54.413486,5,8,381,1/2/2020 4:41,,,,,,,,,,,,,,,,,,,,,
-1.271317,54.396798,5,135,196,1/2/2020 4:41,,,,,,,,,,,,,,,,,,,,,
-1.087098,54.406377,5,3,453,1/2/2020 4:43,,,,,,,,,,,,,,,,,,,,,
-1.298503,54.369538,5,175,170,1/2/2020 4:44,,,,,,,,,,,,,,,,,,,,,
-1.111839,54.421677,5,18,322,1/2/2020 4:45,,,,,,,,,,,,,,,,,,,,,
-1.110957,54.421356,5,17,343,1/2/2020 4:46,,,,,,,,,,,,,,,,,,,,,
-1.110582,54.421153,5,16,354,1/2/2020 4:48,,,,,,,,,,,,,,,,,,,,,
-1.117952,54.421978,5,21,267,1/2/2020 4:51,,,,,,,,,,,,,,,,,,,,,
-1.196596,54.419527,5,70,308,1/2/2020 4:53,,,,,,,,,,,,,,,,,,,,,
-1.162792,54.423198,5,46,305,1/2/2020 4:54,,,,,,,,,,,,,,,,,,,,,
-1.12792,54.425725,5,27,384,1/2/2020 4:55,,,,,,,,,,,,,,,,,,,,,
-1.197873,54.417727,5,73,348,1/2/2020 4:56,,,,,,,,,,,,,,,,,,,,,
-1.299905,54.382428,5,156,235,1/2/2020 5:00,,,,,,,,,,,,,,,,,,,,,
-1.291936,54.392436,5,146,286,1/2/2020 5:02,,,,,,,,,,,,,,,,,,,,,
-1.25029,54.396935,5,123,143,1/2/2020 5:04,,,,,,,,,,,,,,,,,,,,,
-1.184772,54.420813,5,60,303,1/2/2020 5:16,,,,,,,,,,,,,,,,,,,,,
-1.30255,54.380628,5,158,210,1/2/2020 5:19,,,,,,,,,,,,,,,,,,,,,
-1.259578,54.401086,5,131,136,1/2/2020 5:20,,,,,,,,,,,,,,,,,,,,,
-1.293645,54.390946,5,148,292,1/2/2020 5:22,,,,,,,,,,,,,,,,,,,,,
-1.174122,54.421163,5,53,415,1/2/2020 5:23,,,,,,,,,,,,,,,,,,,,,
-1.194379,54.420058,5,66,295,1/2/2020 5:26,,,,,,,,,,,,,,,,,,,,,
-1.284222,54.394163,5,142,260,1/2/2020 5:26,,,,,,,,,,,,,,,,,,,,,
-1.162997,54.421836,5,49,312,1/2/2020 5:27,,,,,,,,,,,,,,,,,,,,,
-1.207317,54.408478,5,89,362,1/2/2020 5:29,,,,,,,,,,,,,,,,,,,,,
-1.104649,54.416417,5,10,380,1/2/2020 5:29,,,,,,,,,,,,,,,,,,,,,
-1.258024,54.400548,5,128,134,1/2/2020 5:29,,,,,,,,,,,,,,,,,,,,,
-1.197372,54.418293,5,71,329,1/2/2020 5:30,,,,,,,,,,,,,,,,,,,,,
-1.270592,54.396803,5,134,198,1/2/2020 5:31,,,,,,,,,,,,,,,,,,,,,
-1.244392,54.396823,5,120,128,1/2/2020 5:31,,,,,,,,,,,,,,,,,,,,,
-1.197762,54.418088,5,72,340,1/2/2020 5:32,,,,,,,,,,,,,,,,,,,,,
-1.24754,54.395525,5,121,150,1/2/2020 5:33,,,,,,,,,,,,,,,,,,,,,
-1.159786,54.422767,5,43,311,1/2/2020 5:35,,,,,,,,,,,,,,,,,,,,,
-1.234049,54.404827,5,104,270,1/2/2020 5:35,,,,,,,,,,,,,,,,,,,,,
-1.196186,54.419687,5,69,304,1/2/2020 5:36,,,,,,,,,,,,,,,,,,,,,
-1.297677,54.384778,5,153,271,1/2/2020 5:38,,,,,,,,,,,,,,,,,,,,,
-1.212005,54.406857,5,95,322,1/2/2020 5:42,,,,,,,,,,,,,,,,,,,,,
-1.297872,54.372308,5,173,190,1/2/2020 5:44,,,,,,,,,,,,,,,,,,,,,
-1.183387,54.421078,5,59,315,1/2/2020 5:48,,,,,,,,,,,,,,,,,,,,,
-1.151078,54.423666,5,37,374,1/2/2020 5:48,,,,,,,,,,,,,,,,,,,,,
-1.220416,54.406587,5,100,291,1/2/2020 5:50,,,,,,,,,,,,,,,,,,,,,
-1.293652,54.391463,5,147,288,1/2/2020 5:50,,,,,,,,,,,,,,,,,,,,,
-1.119203,54.422217,5,22,267,1/2/2020 6:02,,,,,,,,,,,,,,,,,,,,,
-1.206302,54.409613,5,87,366,1/2/2020 6:02,,,,,,,,,,,,,,,,,,,,,
-1.216611,54.407927,5,98,314,1/2/2020 6:02,,,,,,,,,,,,,,,,,,,,,
-1.242739,54.399258,5,114,141,1/2/2020 6:05,,,,,,,,,,,,,,,,,,,,,
-1.240805,54.402818,5,108,167,1/2/2020 6:05,,,,,,,,,,,,,,,,,,,,,
-1.241714,54.397688,5,119,129,1/2/2020 6:05,,,,,,,,,,,,,,,,,,,,,
-1.298262,54.384403,5,154,261,1/2/2020 6:07,,,,,,,,,,,,,,,,,,,,,
-1.213913,54.407187,5,96,313,1/2/2020 6:07,,,,,,,,,,,,,,,,,,,,,
-1.249978,54.396554,5,122,147,1/2/2020 6:08,,,,,,,,,,,,,,,,,,,,,
-1.083163,54.405617,5,2,450,1/2/2020 6:11,,,,,,,,,,,,,,,,,,,,,
-1.210856,54.407127,5,94,329,1/2/2020 6:12,,,,,,,,,,,,,,,,,,,,,
-1.198451,54.417377,5,74,351,1/2/2020 6:13,,,,,,,,,,,,,,,,,,,,,
-1.204569,54.412016,5,85,368,1/2/2020 6:14,,,,,,,,,,,,,,,,,,,,,
-1.203872,54.413188,5,83,373,1/2/2020 6:18,,,,,,,,,,,,,,,,,,,,,
-1.290315,54.392898,5,145,279,1/2/2020 6:18,,,,,,,,,,,,,,,,,,,,,
-1.273216,54.396177,5,137,204,1/2/2020 6:19,,,,,,,,,,,,,,,,,,,,,
-1.302114,54.372778,5,170,209,1/2/2020 6:22,,,,,,,,,,,,,,,,,,,,,
-1.202809,54.414566,5,80,392,1/2/2020 6:22,,,,,,,,,,,,,,,,,,,,,
-1.305236,54.375647,5,163,195,1/2/2020 6:28,,,,,,,,,,,,,,,,,,,,,
-1.298969,54.368846,5,176,164,1/2/2020 6:29,,,,,,,,,,,,,,,,,,,,,
-1.256173,54.399978,5,126,133,1/2/2020 6:29,,,,,,,,,,,,,,,,,,,,,
-1.241621,54.404357,5,106,181,1/2/2020 6:30,,,,,,,,,,,,,,,,,,,,,
-1.303662,54.373217,5,169,212,1/2/2020 6:31,,,,,,,,,,,,,,,,,,,,,
-1.240749,54.400217,5,112,149,1/2/2020 6:31,,,,,,,,,,,,,,,,,,,,,
-1.241782,54.398037,5,118,136,1/2/2020 6:34,,,,,,,,,,,,,,,,,,,,,
-1.172916,54.420936,5,52,422,1/2/2020 6:38,,,,,,,,,,,,,,,,,,,,,
-1.303872,54.378537,5,159,207,1/2/2020 6:39,,,,,,,,,,,,,,,,,,,,,
-1.210105,54.407076,5,93,338,1/2/2020 6:39,,,,,,,,,,,,,,,,,,,,,
-1.177168,54.422927,5,55,397,1/2/2020 6:40,,,,,,,,,,,,,,,,,,,,,
-1.299432,54.372423,5,172,192,1/2/2020 6:42,,,,,,,,,,,,,,,,,,,,,
-1.179012,54.422138,5,57,372,1/2/2020 6:43,,,,,,,,,,,,,,,,,,,,,
-1.287427,54.393676,5,143,268,1/2/2020 6:45,,,,,,,,,,,,,,,,,,,,,
-1.242872,54.398888,5,115,140,1/2/2020 6:48,,,,,,,,,,,,,,,,,,,,,
-1.079806,54.405037,5,0,444,1/2/2020 6:55,,,,,,,,,,,,,,,,,,,,,
-1.25153,54.397785,5,124,134,1/2/2020 6:57,,,,,,,,,,,,,,,,,,,,,
-1.298599,54.370796,5,174,179,1/2/2020 6:58,,,,,,,,,,,,,,,,,,,,,
-1.127062,54.424873,5,26,387,1/2/2020 6:58,,,,,,,,,,,,,,,,,,,,,
-1.180179,54.422056,5,58,354,1/2/2020 6:59,,,,,,,,,,,,,,,,,,,,,
-1.257525,54.400216,5,127,137,1/2/2020 7:01,,,,,,,,,,,,,,,,,,,,,
-1.204056,54.412718,5,84,372,1/2/2020 7:03,,,,,,,,,,,,,,,,,,,,,
-1.196135,54.419916,5,68,302,1/2/2020 7:08,,,,,,,,,,,,,,,,,,,,,
-1.220995,54.406138,5,101,292,1/2/2020 7:11,,,,,,,,,,,,,,,,,,,,,
-1.090287,54.407616,5,5,443,1/2/2020 7:12,,,,,,,,,,,,,,,,,,,,,
-1.151635,54.423596,5,38,382,1/2/2020 7:14,,,,,,,,,,,,,,,,,,,,,
-1.175765,54.421976,5,54,404,1/2/2020 7:17,,,,,,,,,,,,,,,,,,,,,
-1.087491,54.406797,5,4,452,1/2/2020 7:21,,,,,,,,,,,,,,,,,,,,,
-1.304211,54.373577,5,168,208,1/2/2020 7:23,,,,,,,,,,,,,,,,,,,,,
-1.178488,54.422496,5,56,384,1/2/2020 7:23,,,,,,,,,,,,,,,,,,,,,
-1.239792,54.404338,5,105,211,1/2/2020 7:27,,,,,,,,,,,,,,,,,,,,,
-1.163102,54.422813,5,48,308,1/2/2020 7:27,,,,,,,,,,,,,,,,,,,,,
-1.139113,54.424798,5,32,369,1/2/2020 7:28,,,,,,,,,,,,,,,,,,,,,
-1.1925,54.420688,5,64,290,1/2/2020 7:29,,,,,,,,,,,,,,,,,,,,,
-1.302292,54.380938,5,157,211,1/2/2020 7:32,,,,,,,,,,,,,,,,,,,,,
-1.125242,54.423357,5,24,371,1/2/2020 7:34,,,,,,,,,,,,,,,,,,,,,
-1.121081,54.422887,5,23,296,1/2/2020 7:35,,,,,,,,,,,,,,,,,,,,,
-1.13433,54.425565,5,30,385,1/2/2020 7:35,,,,,,,,,,,,,,,,,,,,,
-1.240255,54.402437,5,109,168,1/2/2020 7:35,,,,,,,,,,,,,,,,,,,,,
-1.206607,54.409228,5,88,364,1/2/2020 7:35,,,,,,,,,,,,,,,,,,,,,
-1.152899,54.423718,5,39,395,1/2/2020 7:39,,,,,,,,,,,,,,,,,,,,,
-1.276409,54.395956,5,139,234,1/2/2020 7:45,,,,,,,,,,,,,,,,,,,,,
-1.208066,54.407904,5,91,359,1/2/2020 7:48,,,,,,,,,,,,,,,,,,,,,
-1.149592,54.423308,5,36,361,1/2/2020 7:53,,,,,,,,,,,,,,,,,,,,,
-1.215668,54.407937,5,97,314,1/2/2020 7:56,,,,,,,,,,,,,,,,,,,,,
-1.202732,54.414868,5,79,393,1/2/2020 7:56,,,,,,,,,,,,,,,,,,,,,
-1.24235,54.399658,5,113,142,1/2/2020 7:57,,,,,,,,,,,,,,,,,,,,,
-1.188355,54.421058,5,62,287,1/2/2020 8:00,,,,,,,,,,,,,,,,,,,,,
-1.108151,54.418757,5,12,382,1/2/2020 8:02,,,,,,,,,,,,,,,,,,,,,
-1.199324,54.416868,5,76,373,1/2/2020 8:03,,,,,,,,,,,,,,,,,,,,,
-1.298377,54.384107,5,155,258,1/2/2020 8:05,,,,,,,,,,,,,,,,,,,,,
-1.259855,54.400496,5,132,140,1/2/2020 8:11,,,,,,,,,,,,,,,,,,,,,
-1.222836,54.406384,5,103,282,1/2/2020 8:11,,,,,,,,,,,,,,,,,,,,,
-1.294939,54.388386,5,152,290,1/2/2020 8:14,,,,,,,,,,,,,,,,,,,,,
-1.242691,54.398377,5,117,140,1/2/2020 8:16,,,,,,,,,,,,,,,,,,,,,
-1.299062,54.368488,5,177,161,1/2/2020 8:17,,,,,,,,,,,,,,,,,,,,,
-1.168386,54.421137,5,50,396,1/2/2020 8:17,,,,,,,,,,,,,,,,,,,,,
-1.107012,54.417828,5,11,379,1/2/2020 8:22,,,,,,,,,,,,,,,,,,,,,
-1.275335,54.395937,5,138,222,1/2/2020 8:22,,,,,,,,,,,,,,,,,,,,,
-1.272025,54.396486,5,136,200,1/2/2020 8:23,,,,,,,,,,,,,,,,,,,,,
-1.200323,54.416638,5,77,393,1/2/2020 8:24,,,,,,,,,,,,,,,,,,,,,
-1.207957,54.408148,5,90,360,1/2/2020 8:24,,,,,,,,,,,,,,,,,,,,,
-1.258742,54.401288,5,130,132,1/2/2020 8:26,,,,,,,,,,,,,,,,,,,,,
-1.304525,54.376546,5,162,202,1/2/2020 8:27,,,,,,,,,,,,,,,,,,,,,
-1.109945,54.420428,5,14,369,1/2/2020 8:30,,,,,,,,,,,,,,,,,,,,,
-1.304343,54.373767,5,167,208,1/2/2020 8:32,,,,,,,,,,,,,,,,,,,,,
-1.289196,54.393347,5,144,271,1/2/2020 8:33,,,,,,,,,,,,,,,,,,,,,
-1.293528,54.390697,5,149,292,1/2/2020 8:34,,,,,,,,,,,,,,,,,,,,,
-1.115659,54.422248,5,20,286,1/2/2020 8:35,,,,,,,,,,,,,,,,,,,,,
-1.159935,54.422937,5,44,310,1/2/2020 8:43,,,,,,,,,,,,,,,,,,,,,
-1.258335,54.400948,5,129,131,1/2/2020 8:44,,,,,,,,,,,,,,,,,,,,,
-1.304462,54.374058,5,166,208,1/2/2020 8:44,,,,,,,,,,,,,,,,,,,,,
-1.137022,54.424813,5,31,392,1/2/2020 8:45,,,,,,,,,,,,,,,,,,,,,
-1.203699,54.413286,5,82,376,1/2/2020 8:48,,,,,,,,,,,,,,,,,,,,,
-1.300753,54.372728,5,171,203,1/2/2020 8:49,,,,,,,,,,,,,,,,,,,,,
-1.11363,54.422028,5,19,301,1/2/2020 8:54,,,,,,,,,,,,,,,,,,,,,
-1.13014,54.425425,5,29,392,1/2/2020 8:58,,,,,,,,,,,,,,,,,,,,,
-1.142544,54.424338,5,34,335,1/2/2020 9:01,,,,,,,,,,,,,,,,,,,,,
-1.221506,54.405906,5,102,295,1/2/2020 9:03,,,,,,,,,,,,,,,,,,,,,
-1.242883,54.398597,5,116,141,1/2/2020 9:06,,,,,,,,,,,,,,,,,,,,,
-1.209057,54.407628,5,92,349,1/2/2020 9:07,,,,,,,,,,,,,,,,,,,,,
-1.193842,54.420457,5,65,293,1/2/2020 9:08,,,,,,,,,,,,,,,,,,,,,
-1.252662,54.397923,5,125,142,1/2/2020 9:09,,,,,,,,,,,,,,,,,,,,,
-1.263019,54.398678,5,133,198,1/2/2020 9:13,,,,,,,,,,,,,,,,,,,,,
-1.170775,54.421128,5,51,410,1/2/2020 9:16,,,,,,,,,,,,,,,,,,,,,
-1.156207,54.423348,5,41,353,1/2/2020 9:17,,,,,,,,,,,,,,,,,,,,,
-1.304312,54.377033,5,161,203,1/2/2020 9:18,,,,,,,,,,,,,,,,,,,,,
-1.188187,54.420947,5,61,287,1/2/2020 9:20,,,,,,,,,,,,,,,,,,,,,
-1.100376,54.414194,5,9,377,1/2/2020 9:21,,,,,,,,,,,,,,,,,,,,,
-1.128158,54.425774,5,28,384,1/2/2020 9:21,,,,,,,,,,,,,,,,,,,,,
-1.293568,54.390416,5,150,292,1/2/2020 9:27,,,,,,,,,,,,,,,,,,,,,
-1.094356,54.409977,5,6,413,1/2/2020 9:31,,,,,,,,,,,,,,,,,,,,,
-1.241146,54.403214,5,107,169,1/2/2020 9:32,,,,,,,,,,,,,,,,,,,,,
-1.160639,54.423356,5,45,303,1/2/2020 9:33,,,,,,,,,,,,,,,,,,,,,
-1.097205,54.411828,5,7,385,1/2/2020 9:36,,,,,,,,,,,,,,,,,,,,,
-1.191892,54.420968,5,63,292,1/2/2020 9:36,,,,,,,,,,,,,,,,,,,,,
-1.294132,54.389278,5,151,293,1/2/2020 9:37,,,,,,,,,,,,,,,,,,,,,
-1.108836,54.419174,5,13,383,1/2/2020 9:37,,,,,,,,,,,,,,,,,,,,,
-1.201862,54.415893,5,78,403,1/2/2020 9:40,,,,,,,,,,,,,,,,,,,,,
-1.154512,54.423453,5,40,386,1/2/2020 9:41,,,,,,,,,,,,,,,,,,,,,
-1.239897,54.400986,5,111,158,1/2/2020 9:42,,,,,,,,,,,,,,,,,,,,,
-1.304792,54.374483,5,165,203,1/2/2020 9:45,,,,,,,,,,,,,,,,,,,,,
-1.110505,54.420887,5,15,359,1/2/2020 9:49,,,,,,,,,,,,,,,,,,,,,
-1.082035,54.405197,5,1,449,1/2/2020 9:50,,,,,,,,,,,,,,,,,,,,,
-1.199302,54.417057,5,75,367,1/2/2020 9:52,,,,,,,,,,,,,,,,,,,,,
-1.141505,54.424336,5,33,350,1/2/2020 9:53,,,,,,,,,,,,,,,,,,,,,
-1.280933,54.394398,5,141,245,1/2/2020 9:55,,,,,,,,,,,,,,,,,,,,,
-1.163013,54.423108,5,47,304,1/2/2020 9:56,,,,,,,,,,,,,,,,,,,,,
-1.203163,54.413898,5,81,385,1/2/2020 9:57,,,,,,,,,,,,,,,,,,,,,
-1.126464,54.424538,5,25,383,1/2/2020 9:57,,,,,,,,,,,,,,,,,,,,,
-1.240292,54.401943,5,110,164,1/2/2020 9:58,,,,,,,,,,,,,,,,,,,,,
-0.754149,54.542018,6,217,80,1/2/2020 9:58,,,,,,,,,,,,,,,,,,,,,
-0.533756,54.427786,6,61,39,1/2/2020 10:00,,,,,,,,,,,,,,,,,,,,,
-0.882082,54.568753,6,264,80,1/2/2020 10:02,,,,,,,,,,,,,,,,,,,,,
-0.528873,54.422258,6,56,9,1/2/2020 10:07,,,,,,,,,,,,,,,,,,,,,
-0.525299,54.416886,6,54,37,1/2/2020 10:09,,,,,,,,,,,,,,,,,,,,,
-0.704006,54.524868,6,187,89,1/2/2020 10:14,,,,,,,,,,,,,,,,,,,,,
-0.459109,54.376486,6,0,129,1/2/2020 10:14,,,,,,,,,,,,,,,,,,,,,
-0.717865,54.529007,6,198,92,1/2/2020 10:18,,,,,,,,,,,,,,,,,,,,,
-0.525693,54.448127,6,82,52,1/2/2020 10:24,,,,,,,,,,,,,,,,,,,,,
-0.560185,54.467507,6,104,61,1/2/2020 10:27,,,,,,,,,,,,,,,,,,,,,
-0.501655,54.403546,6,42,89,1/2/2020 10:27,,,,,,,,,,,,,,,,,,,,,
-0.463337,54.381388,6,4,151,1/2/2020 10:28,,,,,,,,,,,,,,,,,,,,,
-0.519605,54.414186,6,51,37,1/2/2020 10:28,,,,,,,,,,,,,,,,,,,,,
-0.657026,54.496927,6,153,19,1/2/2020 10:32,,,,,,,,,,,,,,,,,,,,,
-0.927537,54.585878,6,287,95,1/2/2020 10:32,,,,,,,,,,,,,,,,,,,,,
-0.640425,54.494927,6,147,16,1/2/2020 10:37,,,,,,,,,,,,,,,,,,,,,
-0.675672,54.506863,6,163,31,1/2/2020 10:38,,,,,,,,,,,,,,,,,,,,,
-0.512499,54.410368,6,48,54,1/2/2020 10:39,,,,,,,,,,,,,,,,,,,,,
-0.534015,54.428736,6,63,38,1/2/2020 10:46,,,,,,,,,,,,,,,,,,,,,
-0.559466,54.466477,6,103,65,1/2/2020 10:47,,,,,,,,,,,,,,,,,,,,,
-0.964256,54.584537,6,297,25,1/2/2020 10:48,,,,,,,,,,,,,,,,,,,,,
-0.489781,54.400197,6,32,195,1/2/2020 10:48,,,,,,,,,,,,,,,,,,,,,
-0.639236,54.495077,6,146,18,1/2/2020 10:48,,,,,,,,,,,,,,,,,,,,,
-0.905224,54.574508,6,273,21,1/2/2020 10:49,,,,,,,,,,,,,,,,,,,,,
-0.968136,54.585164,6,300,4,1/2/2020 10:50,,,,,,,,,,,,,,,,,,,,,
-0.789815,54.556706,6,235,33,1/2/2020 10:53,,,,,,,,,,,,,,,,,,,,,
-0.914183,54.578368,6,278,66,1/2/2020 10:56,,,,,,,,,,,,,,,,,,,,,
-0.499892,54.401953,6,40,120,1/2/2020 10:56,,,,,,,,,,,,,,,,,,,,,
-0.522056,54.445437,6,79,44,1/2/2020 10:57,,,,,,,,,,,,,,,,,,,,,
-0.635487,54.493788,6,144,34,1/2/2020 10:57,,,,,,,,,,,,,,,,,,,,,
-0.682611,54.518397,6,177,71,1/2/2020 11:00,,,,,,,,,,,,,,,,,,,,,
-0.767492,54.544013,6,223,89,1/2/2020 11:03,,,,,,,,,,,,,,,,,,,,,
-0.840595,54.565536,6,251,206,1/2/2020 11:07,,,,,,,,,,,,,,,,,,,,,
-0.680025,54.514716,6,171,62,1/2/2020 11:09,,,,,,,,,,,,,,,,,,,,,
-0.795496,54.559137,6,240,35,1/2/2020 11:10,,,,,,,,,,,,,,,,,,,,,
-0.740436,54.526376,6,205,45,1/2/2020 11:12,,,,,,,,,,,,,,,,,,,,,
-0.710106,54.530964,6,194,80,1/2/2020 11:13,,,,,,,,,,,,,,,,,,,,,
-0.532508,54.430316,6,65,8,1/2/2020 11:18,,,,,,,,,,,,,,,,,,,,,
-0.670678,54.500917,6,158,8,1/2/2020 11:21,,,,,,,,,,,,,,,,,,,,,
-0.609638,54.488174,6,131,48,1/2/2020 11:23,,,,,,,,,,,,,,,,,,,,,
-0.770172,54.549203,6,228,89,1/2/2020 11:25,,,,,,,,,,,,,,,,,,,,,
-0.916142,54.579868,6,280,68,1/2/2020 11:25,,,,,,,,,,,,,,,,,,,,,
-0.482115,54.397918,6,23,168,1/2/2020 11:26,,,,,,,,,,,,,,,,,,,,,
-0.883855,54.570336,6,265,72,1/2/2020 11:26,,,,,,,,,,,,,,,,,,,,,
-0.489123,54.401737,6,31,187,1/2/2020 11:26,,,,,,,,,,,,,,,,,,,,,
-0.67506,54.511818,6,167,39,1/2/2020 11:30,,,,,,,,,,,,,,,,,,,,,
-0.585499,54.483138,6,123,43,1/2/2020 11:30,,,,,,,,,,,,,,,,,,,,,
-0.571345,54.479847,6,118,35,1/2/2020 11:32,,,,,,,,,,,,,,,,,,,,,
-0.528411,54.450007,6,83,31,1/2/2020 11:35,,,,,,,,,,,,,,,,,,,,,
-0.538659,54.454586,6,89,67,1/2/2020 11:35,,,,,,,,,,,,,,,,,,,,,
-0.728856,54.527727,6,203,90,1/2/2020 11:37,,,,,,,,,,,,,,,,,,,,,
-0.674692,54.510968,6,166,49,1/2/2020 11:38,,,,,,,,,,,,,,,,,,,,,
-0.532215,54.436028,6,71,51,1/2/2020 11:45,,,,,,,,,,,,,,,,,,,,,
-0.687683,54.519738,6,180,67,1/2/2020 11:47,,,,,,,,,,,,,,,,,,,,,
-0.923277,54.584778,6,286,107,1/2/2020 11:49,,,,,,,,,,,,,,,,,,,,,
-0.473528,54.392547,6,12,155,1/2/2020 11:49,,,,,,,,,,,,,,,,,,,,,
-0.721618,54.529187,6,200,72,1/2/2020 11:51,,,,,,,,,,,,,,,,,,,,,
-0.835842,54.563033,6,250,200,1/2/2020 11:52,,,,,,,,,,,,,,,,,,,,,
-0.76911,54.544445,6,224,94,1/2/2020 11:52,,,,,,,,,,,,,,,,,,,,,
-0.727507,54.528496,6,202,84,1/2/2020 11:53,,,,,,,,,,,,,,,,,,,,,
-0.939256,54.588387,6,291,71,1/2/2020 11:53,,,,,,,,,,,,,,,,,,,,,
-0.899123,54.571367,6,270,15,1/2/2020 11:55,,,,,,,,,,,,,,,,,,,,,
-0.794725,54.558526,6,239,25,1/2/2020 11:58,,,,,,,,,,,,,,,,,,,,,
-0.680643,54.516727,6,176,78,1/2/2020 11:58,,,,,,,,,,,,,,,,,,,,,
-0.787188,54.556846,6,234,55,1/2/2020 11:58,,,,,,,,,,,,,,,,,,,,,
-0.484032,54.399743,6,25,158,1/2/2020 11:59,,,,,,,,,,,,,,,,,,,,,
-0.542509,54.458776,6,94,52,1/2/2020 12:01,,,,,,,,,,,,,,,,,,,,,
-0.769883,54.550348,6,229,86,1/2/2020 12:03,,,,,,,,,,,,,,,,,,,,,
-0.569176,54.478664,6,116,47,1/2/2020 12:14,,,,,,,,,,,,,,,,,,,,,
-0.560463,54.468067,6,105,59,1/2/2020 12:17,,,,,,,,,,,,,,,,,,,,,
-0.461697,54.379638,6,3,133,1/2/2020 12:17,,,,,,,,,,,,,,,,,,,,,
-0.912739,54.577716,6,277,62,1/2/2020 12:18,,,,,,,,,,,,,,,,,,,,,
-0.864682,54.567553,6,257,175,1/2/2020 12:21,,,,,,,,,,,,,,,,,,,,,
-0.956311,54.585117,6,295,52,1/2/2020 12:24,,,,,,,,,,,,,,,,,,,,,
-0.560388,54.468837,6,106,57,1/2/2020 12:27,,,,,,,,,,,,,,,,,,,,,
-0.562846,54.472234,6,112,51,1/2/2020 12:30,,,,,,,,,,,,,,,,,,,,,
-0.521982,54.446333,6,80,56,1/2/2020 12:31,,,,,,,,,,,,,,,,,,,,,
-0.591763,54.486257,6,125,43,1/2/2020 12:33,,,,,,,,,,,,,,,,,,,,,
-0.805319,54.558346,6,242,62,1/2/2020 12:39,,,,,,,,,,,,,,,,,,,,,
-0.765252,54.543727,6,221,81,1/2/2020 12:40,,,,,,,,,,,,,,,,,,,,,
-0.713895,54.530776,6,196,86,1/2/2020 12:41,,,,,,,,,,,,,,,,,,,,,
-0.716096,54.530087,6,197,89,1/2/2020 12:41,,,,,,,,,,,,,,,,,,,,,
-0.942205,54.588567,6,292,70,1/2/2020 12:42,,,,,,,,,,,,,,,,,,,,,
-0.808843,54.557618,6,244,62,1/2/2020 12:43,,,,,,,,,,,,,,,,,,,,,
-0.532636,54.426907,6,59,34,1/2/2020 12:43,,,,,,,,,,,,,,,,,,,,,
-0.690302,54.519048,6,182,91,1/2/2020 12:47,,,,,,,,,,,,,,,,,,,,,
-0.535173,54.451808,6,86,73,1/2/2020 12:48,,,,,,,,,,,,,,,,,,,,,
-0.4854,54.401778,6,28,151,1/2/2020 12:48,,,,,,,,,,,,,,,,,,,,,
-0.551417,54.462208,6,99,50,1/2/2020 12:49,,,,,,,,,,,,,,,,,,,,,
-0.897242,54.569403,6,268,6,1/2/2020 12:50,,,,,,,,,,,,,,,,,,,,,
-0.495322,54.399173,6,35,173,1/2/2020 12:50,,,,,,,,,,,,,,,,,,,,,
-0.480069,54.395807,6,19,165,1/2/2020 12:54,,,,,,,,,,,,,,,,,,,,,
-0.844548,54.566417,6,252,201,1/2/2020 12:55,,,,,,,,,,,,,,,,,,,,,
-0.615642,54.489428,6,139,25,1/2/2020 12:56,,,,,,,,,,,,,,,,,,,,,
-0.673179,54.504036,6,161,10,1/2/2020 12:56,,,,,,,,,,,,,,,,,,,,,
-0.77105,54.548005,6,227,88,1/2/2020 12:57,,,,,,,,,,,,,,,,,,,,,
-0.508892,54.409818,6,45,28,1/2/2020 13:01,,,,,,,,,,,,,,,,,,,,,
-0.810302,54.557953,6,245,64,1/2/2020 13:01,,,,,,,,,,,,,,,,,,,,,
-0.560651,54.469477,6,107,41,1/2/2020 13:01,,,,,,,,,,,,,,,,,,,,,
-0.488282,54.402818,6,30,159,1/2/2020 13:02,,,,,,,,,,,,,,,,,,,,,
-0.826356,54.561177,6,247,116,1/2/2020 13:05,,,,,,,,,,,,,,,,,,,,,
-0.533057,54.433198,6,68,9,1/2/2020 13:08,,,,,,,,,,,,,,,,,,,,,
-0.527542,54.438507,6,74,49,1/2/2020 13:09,,,,,,,,,,,,,,,,,,,,,
-0.466986,54.384854,6,6,155,1/2/2020 13:13,,,,,,,,,,,,,,,,,,,,,
-0.510845,54.410156,6,47,46,1/2/2020 13:14,,,,,,,,,,,,,,,,,,,,,
-0.565371,54.475887,6,115,52,1/2/2020 13:19,,,,,,,,,,,,,,,,,,,,,
-0.605802,54.489133,6,129,55,1/2/2020 13:22,,,,,,,,,,,,,,,,,,,,,
-0.483605,54.398737,6,24,169,1/2/2020 13:23,,,,,,,,,,,,,,,,,,,,,
-0.832126,54.562316,6,249,175,1/2/2020 13:24,,,,,,,,,,,,,,,,,,,,,
-0.712577,54.531068,6,195,78,1/2/2020 13:27,,,,,,,,,,,,,,,,,,,,,
-0.472193,54.390747,6,11,157,1/2/2020 13:29,,,,,,,,,,,,,,,,,,,,,
-0.562986,54.471406,6,111,59,1/2/2020 13:30,,,,,,,,,,,,,,,,,,,,,
-0.869085,54.567118,6,259,131,1/2/2020 13:36,,,,,,,,,,,,,,,,,,,,,
-0.545728,54.459746,6,95,51,1/2/2020 13:38,,,,,,,,,,,,,,,,,,,,,
-0.627389,54.491298,6,142,40,1/2/2020 13:39,,,,,,,,,,,,,,,,,,,,,
-0.919802,54.582623,6,284,82,1/2/2020 13:46,,,,,,,,,,,,,,,,,,,,,
-0.550047,54.461148,6,98,37,1/2/2020 13:48,,,,,,,,,,,,,,,,,,,,,
-0.748301,54.530307,6,209,13,1/2/2020 13:52,,,,,,,,,,,,,,,,,,,,,
-0.541076,54.457538,6,93,61,1/2/2020 13:52,,,,,,,,,,,,,,,,,,,,,
-0.533325,54.427198,6,60,38,1/2/2020 13:53,,,,,,,,,,,,,,,,,,,,,
-0.592081,54.487057,6,126,39,1/2/2020 13:59,,,,,,,,,,,,,,,,,,,,,
-0.880309,54.568678,6,263,73,1/2/2020 14:03,,,,,,,,,,,,,,,,,,,,,
-0.540222,54.457088,6,92,49,1/2/2020 14:05,,,,,,,,,,,,,,,,,,,,,
-0.960927,54.584286,6,296,41,1/2/2020 14:05,,,,,,,,,,,,,,,,,,,,,
-0.901552,54.573597,6,272,13,1/2/2020 14:07,,,,,,,,,,,,,,,,,,,,,
-0.675702,54.512327,6,168,44,1/2/2020 14:09,,,,,,,,,,,,,,,,,,,,,
-0.774895,54.551746,6,230,88,1/2/2020 14:09,,,,,,,,,,,,,,,,,,,,,
-0.614485,54.487266,6,136,7,1/2/2020 14:10,,,,,,,,,,,,,,,,,,,,,
-0.590982,54.485388,6,124,46,1/2/2020 14:10,,,,,,,,,,,,,,,,,,,,,
-0.522412,54.446998,6,81,45,1/2/2020 14:11,,,,,,,,,,,,,,,,,,,,,
-0.694763,54.520018,6,184,100,1/2/2020 14:14,,,,,,,,,,,,,,,,,,,,,
-0.532077,54.434787,6,70,34,1/2/2020 14:14,,,,,,,,,,,,,,,,,,,,,
-0.644673,54.492738,6,150,39,1/2/2020 14:16,,,,,,,,,,,,,,,,,,,,,
-0.658245,54.497648,6,154,30,1/2/2020 14:18,,,,,,,,,,,,,,,,,,,,,
-0.475255,54.394208,6,16,155,1/2/2020 14:20,,,,,,,,,,,,,,,,,,,,,
-0.779435,54.555538,6,232,56,1/2/2020 14:22,,,,,,,,,,,,,,,,,,,,,
-0.766654,54.544568,6,222,79,1/2/2020 14:23,,,,,,,,,,,,,,,,,,,,,
-0.720513,54.528557,6,199,80,1/2/2020 14:25,,,,,,,,,,,,,,,,,,,,,
-0.50027,54.401155,6,39,137,1/2/2020 14:27,,,,,,,,,,,,,,,,,,,,,
-0.475006,54.393907,6,15,160,1/2/2020 14:30,,,,,,,,,,,,,,,,,,,,,
-0.797515,54.558567,6,241,38,1/2/2020 14:32,,,,,,,,,,,,,,,,,,,,,
-0.756942,54.542298,6,218,94,1/2/2020 14:35,,,,,,,,,,,,,,,,,,,,,
-0.479676,54.395454,6,18,166,1/2/2020 14:36,,,,,,,,,,,,,,,,,,,,,
-0.708077,54.531058,6,192,67,1/2/2020 14:38,,,,,,,,,,,,,,,,,,,,,
-0.830435,54.563408,6,248,133,1/2/2020 14:40,,,,,,,,,,,,,,,,,,,,,
-0.522412,54.442023,6,76,46,1/2/2020 14:42,,,,,,,,,,,,,,,,,,,,,
-0.751915,54.532518,6,211,32,1/2/2020 14:43,,,,,,,,,,,,,,,,,,,,,
-0.670425,54.500736,6,157,7,1/2/2020 14:44,,,,,,,,,,,,,,,,,,,,,
-0.641279,54.494236,6,148,20,1/2/2020 14:45,,,,,,,,,,,,,,,,,,,,,
-0.664726,54.499876,6,155,16,1/2/2020 14:46,,,,,,,,,,,,,,,,,,,,,
-0.5004,54.400365,6,38,150,1/2/2020 14:50,,,,,,,,,,,,,,,,,,,,,
-0.790369,54.557318,6,236,32,1/2/2020 14:50,,,,,,,,,,,,,,,,,,,,,
-0.670282,54.502458,6,160,10,1/2/2020 14:52,,,,,,,,,,,,,,,,,,,,,
-0.675367,54.506058,6,162,30,1/2/2020 14:52,,,,,,,,,,,,,,,,,,,,,
-0.88072,54.566938,6,261,88,1/2/2020 14:54,,,,,,,,,,,,,,,,,,,,,
-0.485189,54.400967,6,27,160,1/2/2020 14:56,,,,,,,,,,,,,,,,,,,,,
-0.601344,54.488828,6,128,54,1/2/2020 14:57,,,,,,,,,,,,,,,,,,,,,
-0.75366,54.541468,6,216,78,1/2/2020 14:58,,,,,,,,,,,,,,,,,,,,,
-0.922077,54.584198,6,285,105,1/2/2020 14:59,,,,,,,,,,,,,,,,,,,,,
-0.467695,54.387536,6,8,149,1/2/2020 15:00,,,,,,,,,,,,,,,,,,,,,
-0.499738,54.399974,6,37,154,1/2/2020 15:01,,,,,,,,,,,,,,,,,,,,,
-0.683112,54.519287,6,178,71,1/2/2020 15:01,,,,,,,,,,,,,,,,,,,,,
-0.533642,54.428363,6,62,36,1/2/2020 15:07,,,,,,,,,,,,,,,,,,,,,
-0.969919,54.585717,6,301,18,1/2/2020 15:08,,,,,,,,,,,,,,,,,,,,,
-0.966416,54.585106,6,299,9,1/2/2020 15:09,,,,,,,,,,,,,,,,,,,,,
-0.620608,54.489886,6,140,39,1/2/2020 15:10,,,,,,,,,,,,,,,,,,,,,
-0.844958,54.566886,6,253,200,1/2/2020 15:11,,,,,,,,,,,,,,,,,,,,,
-0.707217,54.530378,6,191,70,1/2/2020 15:17,,,,,,,,,,,,,,,,,,,,,
-0.484507,54.400016,6,26,163,1/2/2020 15:19,,,,,,,,,,,,,,,,,,,,,
-0.532802,54.434143,6,69,34,1/2/2020 15:21,,,,,,,,,,,,,,,,,,,,,
-0.626415,54.490976,6,141,41,1/2/2020 15:21,,,,,,,,,,,,,,,,,,,,,
-0.61003,54.487445,6,132,35,1/2/2020 15:22,,,,,,,,,,,,,,,,,,,,,
-0.680862,54.515653,6,174,59,1/2/2020 15:23,,,,,,,,,,,,,,,,,,,,,
-0.910092,54.576473,6,275,57,1/2/2020 15:28,,,,,,,,,,,,,,,,,,,,,
-0.680552,54.515978,6,175,71,1/2/2020 15:31,,,,,,,,,,,,,,,,,,,,,
-0.480561,54.397547,6,21,161,1/2/2020 15:33,,,,,,,,,,,,,,,,,,,,,
-0.896456,54.570527,6,267,11,1/2/2020 15:34,,,,,,,,,,,,,,,,,,,,,
-0.531242,54.449967,6,84,48,1/2/2020 15:38,,,,,,,,,,,,,,,,,,,,,
-0.651222,54.494303,6,151,43,1/2/2020 15:39,,,,,,,,,,,,,,,,,,,,,
-0.669282,54.500963,6,156,6,1/2/2020 15:41,,,,,,,,,,,,,,,,,,,,,
-0.884856,54.570577,6,266,74,1/2/2020 15:46,,,,,,,,,,,,,,,,,,,,,
-0.561256,54.470157,6,109,49,1/2/2020 15:46,,,,,,,,,,,,,,,,,,,,,
-0.562225,54.470678,6,110,53,1/2/2020 15:48,,,,,,,,,,,,,,,,,,,,,
-0.569775,54.479328,6,117,36,1/2/2020 15:49,,,,,,,,,,,,,,,,,,,,,
-0.480836,54.397884,6,22,155,1/2/2020 15:49,,,,,,,,,,,,,,,,,,,,,
-0.701902,54.522888,6,186,105,1/2/2020 15:51,,,,,,,,,,,,,,,,,,,,,
-0.539753,54.455608,6,90,66,1/2/2020 15:53,,,,,,,,,,,,,,,,,,,,,
-0.516702,54.412493,6,49,48,1/2/2020 15:53,,,,,,,,,,,,,,,,,,,,,
-0.705069,54.527266,6,188,49,1/2/2020 15:57,,,,,,,,,,,,,,,,,,,,,
-0.58078,54.482898,6,122,37,1/2/2020 15:58,,,,,,,,,,,,,,,,,,,,,
-0.614995,54.488998,6,138,8,1/2/2020 15:59,,,,,,,,,,,,,,,,,,,,,
-0.611272,54.486583,6,134,5,1/2/2020 16:00,,,,,,,,,,,,,,,,,,,,,
-0.540149,54.456246,6,91,64,1/2/2020 16:06,,,,,,,,,,,,,,,,,,,,,
-0.53013,54.437678,6,73,52,1/2/2020 16:07,,,,,,,,,,,,,,,,,,,,,
-0.473677,54.393676,6,14,149,1/2/2020 16:08,,,,,,,,,,,,,,,,,,,,,
-0.806802,54.558198,6,243,59,1/2/2020 16:11,,,,,,,,,,,,,,,,,,,,,
-0.77109,54.546535,6,226,92,1/2/2020 16:13,,,,,,,,,,,,,,,,,,,,,
-0.678802,54.513683,6,170,52,1/2/2020 16:16,,,,,,,,,,,,,,,,,,,,,
-0.706332,54.529373,6,190,57,1/2/2020 16:19,,,,,,,,,,,,,,,,,,,,,
-0.524015,54.415137,6,53,43,1/2/2020 16:20,,,,,,,,,,,,,,,,,,,,,
-0.526292,54.419378,6,55,14,1/2/2020 16:21,,,,,,,,,,,,,,,,,,,,,
-0.643922,54.493938,6,149,32,1/2/2020 16:22,,,,,,,,,,,,,,,,,,,,,
-0.593342,54.487497,6,127,34,1/2/2020 16:23,,,,,,,,,,,,,,,,,,,,,
-0.60949,54.486835,6,133,36,1/2/2020 16:23,,,,,,,,,,,,,,,,,,,,,
-0.505935,54.407478,6,44,58,1/2/2020 16:31,,,,,,,,,,,,,,,,,,,,,
-0.476106,54.394666,6,17,155,1/2/2020 16:33,,,,,,,,,,,,,,,,,,,,,
-0.780772,54.556078,6,233,52,1/2/2020 16:35,,,,,,,,,,,,,,,,,,,,,
-0.938005,54.588056,6,290,101,1/2/2020 16:37,,,,,,,,,,,,,,,,,,,,,
-0.777304,54.554118,6,231,86,1/2/2020 16:37,,,,,,,,,,,,,,,,,,,,,
-0.612283,54.487548,6,135,3,1/2/2020 16:39,,,,,,,,,,,,,,,,,,,,,
-0.745119,54.528417,6,207,7,1/2/2020 16:46,,,,,,,,,,,,,,,,,,,,,
-0.469476,54.389237,6,9,142,1/2/2020 16:48,,,,,,,,,,,,,,,,,,,,,
-0.521836,54.444447,6,78,52,1/2/2020 16:48,,,,,,,,,,,,,,,,,,,,,
-0.531927,54.425596,6,58,29,1/2/2020 16:50,,,,,,,,,,,,,,,,,,,,,
-0.677329,54.512838,6,169,43,1/2/2020 16:52,,,,,,,,,,,,,,,,,,,,,
-0.912502,54.577168,6,276,64,1/2/2020 16:52,,,,,,,,,,,,,,,,,,,,,
-0.899971,54.572397,6,271,22,1/2/2020 16:56,,,,,,,,,,,,,,,,,,,,,
-0.917496,54.579898,6,281,73,1/2/2020 16:57,,,,,,,,,,,,,,,,,,,,,
-0.532032,54.424623,6,57,39,1/2/2020 16:58,,,,,,,,,,,,,,,,,,,,,
-0.506484,54.405438,6,43,82,1/2/2020 16:58,,,,,,,,,,,,,,,,,,,,,
-0.919498,54.582056,6,283,83,1/2/2020 16:59,,,,,,,,,,,,,,,,,,,,,
-0.954368,54.585737,6,294,42,1/2/2020 16:59,,,,,,,,,,,,,,,,,,,,,
-0.532654,54.450448,6,85,54,1/2/2020 16:59,,,,,,,,,,,,,,,,,,,,,
-0.932806,54.586374,6,288,89,1/2/2020 16:59,,,,,,,,,,,,,,,,,,,,,
-0.705798,54.528096,6,189,69,1/2/2020 16:59,,,,,,,,,,,,,,,,,,,,,
-0.794277,54.557788,6,238,20,1/2/2020 17:02,,,,,,,,,,,,,,,,,,,,,
-0.879942,54.568027,6,262,78,1/2/2020 17:04,,,,,,,,,,,,,,,,,,,,,
-0.565092,54.475028,6,114,64,1/2/2020 17:04,,,,,,,,,,,,,,,,,,,,,
-0.549407,54.460948,6,97,53,1/2/2020 17:04,,,,,,,,,,,,,,,,,,,,,
-0.60894,54.488665,6,130,53,1/2/2020 17:13,,,,,,,,,,,,,,,,,,,,,
-0.675647,54.507777,6,164,30,1/2/2020 17:13,,,,,,,,,,,,,,,,,,,,,
-0.509538,54.409726,6,46,48,1/2/2020 17:14,,,,,,,,,,,,,,,,,,,,,
-0.486969,54.402498,6,29,153,1/2/2020 17:15,,,,,,,,,,,,,,,,,,,,,
-0.535872,54.452763,6,87,71,1/2/2020 17:16,,,,,,,,,,,,,,,,,,,,,
-0.761591,54.542877,6,220,81,1/2/2020 17:16,,,,,,,,,,,,,,,,,,,,,
-0.563829,54.473777,6,113,52,1/2/2020 17:16,,,,,,,,,,,,,,,,,,,,,
-0.467037,54.385768,6,7,152,1/2/2020 17:18,,,,,,,,,,,,,,,,,,,,,
-0.741186,54.527474,6,206,16,1/2/2020 17:23,,,,,,,,,,,,,,,,,,,,,
-0.669928,54.501876,6,159,12,1/2/2020 17:27,,,,,,,,,,,,,,,,,,,,,
-0.855157,54.569198,6,256,173,1/2/2020 17:27,,,,,,,,,,,,,,,,,,,,,
-0.682656,54.515537,6,172,61,1/2/2020 17:30,,,,,,,,,,,,,,,,,,,,,
-0.531532,54.436908,6,72,52,1/2/2020 17:33,,,,,,,,,,,,,,,,,,,,,
-0.949793,54.586447,6,293,51,1/2/2020 17:37,,,,,,,,,,,,,,,,,,,,,
-0.628902,54.492203,6,143,29,1/2/2020 17:39,,,,,,,,,,,,,,,,,,,,,
-0.533858,54.429367,6,64,29,1/2/2020 17:39,,,,,,,,,,,,,,,,,,,,,
-0.520506,54.414547,6,52,36,1/2/2020 17:40,,,,,,,,,,,,,,,,,,,,,
-0.751587,54.538346,6,214,70,1/2/2020 17:44,,,,,,,,,,,,,,,,,,,,,
-0.899082,54.570458,6,269,10,1/2/2020 17:44,,,,,,,,,,,,,,,,,,,,,
-0.470295,54.389457,6,10,150,1/2/2020 17:50,,,,,,,,,,,,,,,,,,,,,
-0.851572,54.568518,6,254,167,1/2/2020 17:57,,,,,,,,,,,,,,,,,,,,,
-0.692309,54.519796,6,183,78,1/2/2020 17:57,,,,,,,,,,,,,,,,,,,,,
-0.466577,54.384148,6,5,155,1/2/2020 17:57,,,,,,,,,,,,,,,,,,,,,
-0.753199,54.540297,6,215,72,1/2/2020 18:03,,,,,,,,,,,,,,,,,,,,,
-0.688952,54.519253,6,181,83,1/2/2020 18:05,,,,,,,,,,,,,,,,,,,,,
-0.654357,54.496226,6,152,36,1/2/2020 18:06,,,,,,,,,,,,,,,,,,,,,
-0.558175,54.465326,6,102,67,1/2/2020 18:07,,,,,,,,,,,,,,,,,,,,,
-0.917869,54.580566,6,282,70,1/2/2020 18:09,,,,,,,,,,,,,,,,,,,,,
-0.682676,54.515837,6,173,75,1/2/2020 18:14,,,,,,,,,,,,,,,,,,,,,
-0.732535,54.526468,6,204,97,1/2/2020 18:15,,,,,,,,,,,,,,,,,,,,,
-0.750382,54.537323,6,213,74,1/2/2020 18:17,,,,,,,,,,,,,,,,,,,,,
-0.820167,54.558776,6,246,81,1/2/2020 18:18,,,,,,,,,,,,,,,,,,,,,
-0.461092,54.378603,6,2,140,1/2/2020 18:18,,,,,,,,,,,,,,,,,,,,,
-0.555107,54.463858,6,101,63,1/2/2020 18:19,,,,,,,,,,,,,,,,,,,,,
-0.523649,54.440688,6,75,51,1/2/2020 18:19,,,,,,,,,,,,,,,,,,,,,
-0.908683,54.576478,6,274,21,1/2/2020 18:22,,,,,,,,,,,,,,,,,,,,,
-0.480512,54.396758,6,20,171,1/2/2020 18:22,,,,,,,,,,,,,,,,,,,,,
-0.518177,54.413008,6,50,50,1/2/2020 18:23,,,,,,,,,,,,,,,,,,,,,
-0.579319,54.482447,6,121,39,1/2/2020 18:24,,,,,,,,,,,,,,,,,,,,,
-0.915459,54.579546,6,279,69,1/2/2020 18:24,,,,,,,,,,,,,,,,,,,,,
-0.492844,54.399888,6,34,182,1/2/2020 18:24,,,,,,,,,,,,,,,,,,,,,
-0.877842,54.566638,6,260,88,1/2/2020 18:25,,,,,,,,,,,,,,,,,,,,,
-0.49699,54.399315,6,36,170,1/2/2020 18:25,,,,,,,,,,,,,,,,,,,,,
-0.852609,54.568126,6,255,172,1/2/2020 18:26,,,,,,,,,,,,,,,,,,,,,
-0.532892,54.431728,6,66,15,1/2/2020 18:36,,,,,,,,,,,,,,,,,,,,,
-0.754455,54.534217,6,212,77,1/2/2020 18:37,,,,,,,,,,,,,,,,,,,,,
-0.757733,54.542867,6,219,97,1/2/2020 18:39,,,,,,,,,,,,,,,,,,,,,
-0.573142,54.480913,6,119,51,1/2/2020 18:39,,,,,,,,,,,,,,,,,,,,,
-0.473451,54.393337,6,13,145,1/2/2020 18:41,,,,,,,,,,,,,,,,,,,,,
-0.459558,54.377226,6,1,131,1/2/2020 18:43,,,,,,,,,,,,,,,,,,,,,
-0.724231,54.529357,6,201,77,1/2/2020 18:45,,,,,,,,,,,,,,,,,,,,,
-0.749236,54.531544,6,210,10,1/2/2020 18:46,,,,,,,,,,,,,,,,,,,,,
-0.866237,54.567817,6,258,149,1/2/2020 18:46,,,,,,,,,,,,,,,,,,,,,
-0.638035,54.494856,6,145,17,1/2/2020 18:46,,,,,,,,,,,,,,,,,,,,,
-0.696379,54.520846,6,185,96,1/2/2020 18:51,,,,,,,,,,,,,,,,,,,,,
-0.521905,54.443186,6,77,48,1/2/2020 18:53,,,,,,,,,,,,,,,,,,,,,
-0.554296,54.463244,6,100,59,1/2/2020 19:00,,,,,,,,,,,,,,,,,,,,,
-0.577487,54.482246,6,120,45,1/2/2020 19:01,,,,,,,,,,,,,,,,,,,,,
-0.532729,54.432296,6,67,11,1/2/2020 19:01,,,,,,,,,,,,,,,,,,,,,
-0.561097,54.469756,6,108,56,1/2/2020 19:02,,,,,,,,,,,,,,,,,,,,,
-0.536602,54.453428,6,88,69,1/2/2020 19:05,,,,,,,,,,,,,,,,,,,,,
-0.674855,54.508938,6,165,30,1/2/2020 19:06,,,,,,,,,,,,,,,,,,,,,
-0.708987,54.531328,6,193,65,1/2/2020 19:10,,,,,,,,,,,,,,,,,,,,,
-0.547642,54.461223,6,96,19,1/2/2020 19:14,,,,,,,,,,,,,,,,,,,,,
-0.499923,54.402628,6,41,101,1/2/2020 19:20,,,,,,,,,,,,,,,,,,,,,
-0.935547,54.586888,6,289,96,1/2/2020 19:21,,,,,,,,,,,,,,,,,,,,,
-0.965265,54.584388,6,298,12,1/2/2020 19:25,,,,,,,,,,,,,,,,,,,,,
-0.683854,54.519678,6,179,52,1/2/2020 19:27,,,,,,,,,,,,,,,,,,,,,
-0.491192,54.400717,6,33,191,1/2/2020 19:27,,,,,,,,,,,,,,,,,,,,,
-0.791772,54.558233,6,237,39,1/2/2020 19:29,,,,,,,,,,,,,,,,,,,,,
-0.614854,54.488118,6,137,5,1/2/2020 19:32,,,,,,,,,,,,,,,,,,,,,
-0.746972,54.529188,6,208,11,1/2/2020 19:33,,,,,,,,,,,,,,,,,,,,,
-0.770618,54.545474,6,225,94,1/2/2020 19:34,,,,,,,,,,,,,,,,,,,,,
-1.070645,54.429878,7,97,382,1/2/2020 19:35,,,,,,,,,,,,,,,,,,,,,
-1.085347,54.498266,7,6,294,1/2/2020 19:36,,,,,,,,,,,,,,,,,,,,,
-1.076077,54.405856,7,132,441,1/2/2020 19:38,,,,,,,,,,,,,,,,,,,,,
-1.052577,54.405118,7,124,396,1/2/2020 19:38,,,,,,,,,,,,,,,,,,,,,
-1.055112,54.407413,7,123,411,1/2/2020 19:44,,,,,,,,,,,,,,,,,,,,,
-1.063027,54.452848,7,79,310,1/2/2020 19:47,,,,,,,,,,,,,,,,,,,,,
-1.066129,54.406496,7,128,423,1/2/2020 19:49,,,,,,,,,,,,,,,,,,,,,
-1.064822,54.478383,7,49,158,1/2/2020 19:49,,,,,,,,,,,,,,,,,,,,,
-1.086502,54.500903,7,5,292,1/2/2020 19:49,,,,,,,,,,,,,,,,,,,,,
-1.067629,54.424648,7,103,400,1/2/2020 19:51,,,,,,,,,,,,,,,,,,,,,
-1.071563,54.444587,7,85,334,1/2/2020 19:54,,,,,,,,,,,,,,,,,,,,,
-1.066962,54.468863,7,67,207,1/2/2020 19:54,,,,,,,,,,,,,,,,,,,,,
-1.090992,54.483938,7,25,319,1/2/2020 19:55,,,,,,,,,,,,,,,,,,,,,
-1.066486,54.475327,7,59,180,1/2/2020 19:59,,,,,,,,,,,,,,,,,,,,,
-1.051678,54.459816,7,75,332,1/2/2020 20:01,,,,,,,,,,,,,,,,,,,,,
-1.088012,54.490483,7,15,233,1/2/2020 20:05,,,,,,,,,,,,,,,,,,,,,
-1.057715,54.410996,7,121,419,1/2/2020 20:06,,,,,,,,,,,,,,,,,,,,,
-1.086225,54.482876,7,27,293,1/2/2020 20:09,,,,,,,,,,,,,,,,,,,,,
-1.070565,54.429477,7,98,383,1/2/2020 20:09,,,,,,,,,,,,,,,,,,,,,
-1.064429,54.476518,7,55,170,1/2/2020 20:10,,,,,,,,,,,,,,,,,,,,,
-1.068553,54.472867,7,62,188,1/2/2020 20:11,,,,,,,,,,,,,,,,,,,,,
-1.067405,54.483858,7,40,224,1/2/2020 20:11,,,,,,,,,,,,,,,,,,,,,
-1.087804,54.491058,7,14,229,1/2/2020 20:14,,,,,,,,,,,,,,,,,,,,,
-1.058745,54.406896,7,125,402,1/2/2020 20:14,,,,,,,,,,,,,,,,,,,,,
-1.086985,54.502928,7,3,292,1/2/2020 20:18,,,,,,,,,,,,,,,,,,,,,
-1.087032,54.490897,7,13,226,1/2/2020 20:21,,,,,,,,,,,,,,,,,,,,,
-1.079795,54.405028,7,134,444,1/2/2020 20:28,,,,,,,,,,,,,,,,,,,,,
-1.08853,54.488735,7,18,252,1/2/2020 20:31,,,,,,,,,,,,,,,,,,,,,
-1.066849,54.479196,7,47,159,1/2/2020 20:31,,,,,,,,,,,,,,,,,,,,,
-1.071113,54.405628,7,130,442,1/2/2020 20:31,,,,,,,,,,,,,,,,,,,,,
-1.084199,54.483688,7,28,285,1/2/2020 20:34,,,,,,,,,,,,,,,,,,,,,
-1.056109,54.408548,7,122,414,1/2/2020 20:37,,,,,,,,,,,,,,,,,,,,,
-1.066812,54.485943,7,37,256,1/2/2020 20:40,,,,,,,,,,,,,,,,,,,,,
-1.069759,54.426387,7,101,376,1/2/2020 20:44,,,,,,,,,,,,,,,,,,,,,
-1.062374,54.415968,7,117,425,1/2/2020 20:46,,,,,,,,,,,,,,,,,,,,,
-1.085779,54.494808,7,9,283,1/2/2020 20:46,,,,,,,,,,,,,,,,,,,,,
-1.06562,54.420475,7,110,421,1/2/2020 20:48,,,,,,,,,,,,,,,,,,,,,
-1.059893,54.466008,7,70,271,1/2/2020 20:50,,,,,,,,,,,,,,,,,,,,,
-1.072278,54.443977,7,86,337,1/2/2020 20:52,,,,,,,,,,,,,,,,,,,,,
-1.067111,54.471687,7,63,193,1/2/2020 20:53,,,,,,,,,,,,,,,,,,,,,
-1.070389,54.485156,7,34,265,1/2/2020 20:53,,,,,,,,,,,,,,,,,,,,,
-1.069932,54.474338,7,61,179,1/2/2020 20:54,,,,,,,,,,,,,,,,,,,,,
-1.087196,54.503354,7,2,291,1/2/2020 20:54,,,,,,,,,,,,,,,,,,,,,
-1.067666,54.483206,7,41,213,1/2/2020 20:56,,,,,,,,,,,,,,,,,,,,,
-1.066637,54.485556,7,38,251,1/2/2020 20:56,,,,,,,,,,,,,,,,,,,,,
-1.067073,54.486178,7,36,255,1/2/2020 20:57,,,,,,,,,,,,,,,,,,,,,
-1.090103,54.487038,7,21,274,1/2/2020 20:59,,,,,,,,,,,,,,,,,,,,,
-1.063825,54.476066,7,57,172,1/2/2020 21:03,,,,,,,,,,,,,,,,,,,,,
-1.068392,54.479798,7,46,159,1/2/2020 21:04,,,,,,,,,,,,,,,,,,,,,
-1.08572,54.495738,7,8,283,1/2/2020 21:05,,,,,,,,,,,,,,,,,,,,,
-1.06438,54.419205,7,113,419,1/2/2020 21:05,,,,,,,,,,,,,,,,,,,,,
-1.066926,54.484617,7,39,234,1/2/2020 21:05,,,,,,,,,,,,,,,,,,,,,
-1.065138,54.420084,7,111,421,1/2/2020 21:09,,,,,,,,,,,,,,,,,,,,,
-1.077677,54.484088,7,30,277,1/2/2020 21:13,,,,,,,,,,,,,,,,,,,,,
-1.066332,54.468418,7,68,213,1/2/2020 21:14,,,,,,,,,,,,,,,,,,,,,
-1.074076,54.436794,7,92,387,1/2/2020 21:14,,,,,,,,,,,,,,,,,,,,,
-1.063493,54.417898,7,115,423,1/2/2020 21:15,,,,,,,,,,,,,,,,,,,,,
-1.086841,54.491097,7,12,227,1/2/2020 21:15,,,,,,,,,,,,,,,,,,,,,
-1.053517,54.457798,7,77,329,1/2/2020 21:17,,,,,,,,,,,,,,,,,,,,,
-1.074077,54.441676,7,88,356,1/2/2020 21:19,,,,,,,,,,,,,,,,,,,,,
-1.088048,54.489584,7,17,242,1/2/2020 21:22,,,,,,,,,,,,,,,,,,,,,
-1.067512,54.474863,7,60,181,1/2/2020 21:22,,,,,,,,,,,,,,,,,,,,,
-1.070447,54.427766,7,100,376,1/2/2020 21:23,,,,,,,,,,,,,,,,,,,,,
-1.086753,54.491407,7,11,230,1/2/2020 21:26,,,,,,,,,,,,,,,,,,,,,
-1.066172,54.471157,7,64,200,1/2/2020 21:27,,,,,,,,,,,,,,,,,,,,,
-1.086965,54.502637,7,4,292,1/2/2020 21:32,,,,,,,,,,,,,,,,,,,,,
-1.056432,54.464768,7,72,294,1/2/2020 21:37,,,,,,,,,,,,,,,,,,,,,
-1.063932,54.476333,7,56,169,1/2/2020 21:37,,,,,,,,,,,,,,,,,,,,,
-1.070098,54.481977,7,44,179,1/2/2020 21:40,,,,,,,,,,,,,,,,,,,,,
-1.06395,54.477308,7,53,166,1/2/2020 21:40,,,,,,,,,,,,,,,,,,,,,
-1.073539,54.436117,7,93,386,1/2/2020 21:42,,,,,,,,,,,,,,,,,,,,,
-1.063912,54.477558,7,52,164,1/2/2020 21:44,,,,,,,,,,,,,,,,,,,,,
-1.066636,54.450324,7,80,318,1/2/2020 21:50,,,,,,,,,,,,,,,,,,,,,
-1.068415,54.482196,7,43,190,1/2/2020 21:53,,,,,,,,,,,,,,,,,,,,,
-1.066834,54.470668,7,65,200,1/2/2020 22:00,,,,,,,,,,,,,,,,,,,,,
-1.074085,54.438398,7,90,385,1/2/2020 22:00,,,,,,,,,,,,,,,,,,,,,
-1.072096,54.433334,7,96,381,1/2/2020 22:02,,,,,,,,,,,,,,,,,,,,,
-1.061415,54.414948,7,118,427,1/2/2020 22:04,,,,,,,,,,,,,,,,,,,,,
-1.090644,54.485658,7,23,293,1/2/2020 22:05,,,,,,,,,,,,,,,,,,,,,
-1.055416,54.464318,7,73,301,1/2/2020 22:06,,,,,,,,,,,,,,,,,,,,,
-1.059096,54.406797,7,126,401,1/2/2020 22:08,,,,,,,,,,,,,,,,,,,,,
-1.062825,54.406757,7,127,406,1/2/2020 22:08,,,,,,,,,,,,,,,,,,,,,
-1.0648,54.419545,7,112,418,1/2/2020 22:10,,,,,,,,,,,,,,,,,,,,,
-1.068112,54.482423,7,42,196,1/2/2020 22:16,,,,,,,,,,,,,,,,,,,,,
-1.094172,54.506718,7,0,302,1/2/2020 22:17,,,,,,,,,,,,,,,,,,,,,
-1.073461,54.443177,7,87,344,1/2/2020 22:19,,,,,,,,,,,,,,,,,,,,,
-1.060262,54.413328,7,119,426,1/2/2020 22:19,,,,,,,,,,,,,,,,,,,,,
-1.070612,54.428873,7,99,380,1/2/2020 22:22,,,,,,,,,,,,,,,,,,,,,
-1.089872,54.487583,7,20,268,1/2/2020 22:22,,,,,,,,,,,,,,,,,,,,,
-1.066082,54.422017,7,107,417,1/2/2020 22:28,,,,,,,,,,,,,,,,,,,,,
-1.058509,54.465246,7,71,278,1/2/2020 22:31,,,,,,,,,,,,,,,,,,,,,
-1.08796,54.490155,7,16,237,1/2/2020 22:31,,,,,,,,,,,,,,,,,,,,,
-1.069942,54.405718,7,129,441,1/2/2020 22:31,,,,,,,,,,,,,,,,,,,,,
-1.085339,54.497617,7,7,294,1/2/2020 22:33,,,,,,,,,,,,,,,,,,,,,
-1.064607,54.478047,7,50,160,1/2/2020 22:35,,,,,,,,,,,,,,,,,,,,,
-1.056257,54.456648,7,78,322,1/2/2020 22:35,,,,,,,,,,,,,,,,,,,,,
-1.086652,54.492608,7,10,263,1/2/2020 22:36,,,,,,,,,,,,,,,,,,,,,
-1.063195,54.417266,7,116,423,1/2/2020 22:38,,,,,,,,,,,,,,,,,,,,,
-1.065267,54.478798,7,48,157,1/2/2020 22:39,,,,,,,,,,,,,,,,,,,,,
-1.052602,54.458923,7,76,332,1/2/2020 22:40,,,,,,,,,,,,,,,,,,,,,
-1.069686,54.446737,7,83,326,1/2/2020 22:45,,,,,,,,,,,,,,,,,,,,,
-1.065701,54.422527,7,106,417,1/2/2020 22:46,,,,,,,,,,,,,,,,,,,,,
-1.066154,54.421528,7,108,418,1/2/2020 22:48,,,,,,,,,,,,,,,,,,,,,
-1.065353,54.422797,7,105,417,1/2/2020 22:49,,,,,,,,,,,,,,,,,,,,,
-1.073916,54.439647,7,89,380,1/2/2020 22:50,,,,,,,,,,,,,,,,,,,,,
-1.064052,54.418563,7,114,420,1/2/2020 22:50,,,,,,,,,,,,,,,,,,,,,
-1.076015,54.483856,7,31,275,1/2/2020 22:50,,,,,,,,,,,,,,,,,,,,,
-1.081732,54.484323,7,29,279,1/2/2020 22:51,,,,,,,,,,,,,,,,,,,,,
-1.063975,54.477758,7,51,163,1/2/2020 22:53,,,,,,,,,,,,,,,,,,,,,
-1.090985,54.484408,7,24,312,1/2/2020 22:53,,,,,,,,,,,,,,,,,,,,,
-1.053379,54.463996,7,74,309,1/2/2020 22:53,,,,,,,,,,,,,,,,,,,,,
-1.08886,54.488345,7,19,258,1/2/2020 22:58,,,,,,,,,,,,,,,,,,,,,
-1.074126,54.437116,7,91,387,1/2/2020 23:02,,,,,,,,,,,,,,,,,,,,,
-1.068132,54.485488,7,35,261,1/2/2020 23:02,,,,,,,,,,,,,,,,,,,,,
-1.060669,54.466686,7,69,273,1/2/2020 23:03,,,,,,,,,,,,,,,,,,,,,
-1.091261,54.505197,7,1,299,1/2/2020 23:07,,,,,,,,,,,,,,,,,,,,,
-1.065226,54.475567,7,58,179,1/2/2020 23:08,,,,,,,,,,,,,,,,,,,,,
-1.069888,54.480576,7,45,161,1/2/2020 23:09,,,,,,,,,,,,,,,,,,,,,
-1.090898,54.483286,7,26,323,1/2/2020 23:10,,,,,,,,,,,,,,,,,,,,,
-1.090125,54.486666,7,22,279,1/2/2020 23:10,,,,,,,,,,,,,,,,,,,,,
-1.070845,54.445617,7,84,329,1/2/2020 23:11,,,,,,,,,,,,,,,,,,,,,
-1.074856,54.483867,7,32,270,1/2/2020 23:11,,,,,,,,,,,,,,,,,,,,,
-1.06893,54.425828,7,102,389,1/2/2020 23:13,,,,,,,,,,,,,,,,,,,,,
-1.072872,54.435478,7,94,387,1/2/2020 23:14,,,,,,,,,,,,,,,,,,,,,
-1.058728,54.411776,7,120,422,1/2/2020 23:17,,,,,,,,,,,,,,,,,,,,,
-1.064082,54.476977,7,54,167,1/2/2020 23:17,,,,,,,,,,,,,,,,,,,,,
-1.073465,54.484437,7,33,265,1/2/2020 23:21,,,,,,,,,,,,,,,,,,,,,
-1.072511,54.434967,7,95,386,1/2/2020 23:25,,,,,,,,,,,,,,,,,,,,,
-1.068215,54.448676,7,82,325,1/2/2020 23:25,,,,,,,,,,,,,,,,,,,,,
-1.067067,54.449758,7,81,321,1/2/2020 23:33,,,,,,,,,,,,,,,,,,,,,
-1.077796,54.405337,7,133,442,1/2/2020 23:37,,,,,,,,,,,,,,,,,,,,,
-1.067023,54.470308,7,66,201,1/2/2020 23:40,,,,,,,,,,,,,,,,,,,,,
-1.065422,54.423058,7,104,414,1/2/2020 23:41,,,,,,,,,,,,,,,,,,,,,
-1.065982,54.420923,7,109,421,1/2/2020 23:41,,,,,,,,,,,,,,,,,,,,,
-1.074112,54.405523,7,131,440,1/2/2020 23:42,,,,,,,,,,,,,,,,,,,,,
-1.098612,54.506523,8,1,249,1/2/2020 23:44,,,,,,,,,,,,,,,,,,,,,
-1.094176,54.506726,8,0,302,1/2/2020 23:47,,,,,,,,,,,,,,,,,,,,,
-1.107218,54.505486,8,4,301,1/2/2020 23:52,,,,,,,,,,,,,,,,,,,,,
-1.101975,54.505996,8,2,239,1/2/2020 23:52,,,,,,,,,,,,,,,,,,,,,
-1.105218,54.505827,8,3,279,1/2/2020 23:53,,,,,,,,,,,,,,,,,,,,,
